,country,iso3,region,year,score,rank,sources,standardError
0,Afghanistan,AFG,AP,2021,16.0,174.0,5.0,2.12
1,Afghanistan,AFG,AP,2020,19.0,165.0,5.0,2.44
2,Afghanistan,AFG,AP,2019,16.0,173.0,5.0,2.55
3,Afghanistan,AFG,AP,2018,16.0,172.0,5.0,1.41
4,Afghanistan,AFG,AP,2017,15.0,177.0,5.0,1.39
5,Afghanistan,AFG,AP,2016,15.0,169.0,5.0,1.74
6,Afghanistan,AFG,AP,2015,11.0,166.0,4.0,3.49
7,Afghanistan,AFG,AP,2014,12.0,172.0,4.0,1.29
8,Afghanistan,AFG,AP,2013,8.0,175.0,3.0,3.3
9,Afghanistan,AFG,AP,2012,8.0,174.0,3.0,3.3
10,Angola,AGO,SSA,2021,29.0,136.0,7.0,1.53
11,Angola,AGO,SSA,2020,27.0,142.0,7.0,2.01
12,Angola,AGO,SSA,2019,26.0,146.0,7.0,1.82
13,Angola,AGO,SSA,2018,19.0,165.0,6.0,1.31
14,Angola,AGO,SSA,2017,19.0,167.0,5.0,1.28
15,Angola,AGO,SSA,2016,18.0,164.0,4.0,1.68
16,Angola,AGO,SSA,2015,15.0,163.0,5.0,1.8
17,Angola,AGO,SSA,2014,19.0,161.0,6.0,1.71
18,Angola,AGO,SSA,2013,23.0,153.0,7.0,2.8
19,Angola,AGO,SSA,2012,22.0,157.0,7.0,1.8
20,Albania,ALB,ECA,2021,35.0,110.0,8.0,1.33
21,Albania,ALB,ECA,2020,36.0,104.0,8.0,0.92
22,Albania,ALB,ECA,2019,35.0,106.0,8.0,2.51
23,Albania,ALB,ECA,2018,36.0,99.0,8.0,1.65
24,Albania,ALB,ECA,2017,38.0,91.0,8.0,1.81
25,Albania,ALB,ECA,2016,39.0,83.0,7.0,1.99
26,Albania,ALB,ECA,2015,36.0,88.0,7.0,3.58
27,Albania,ALB,ECA,2014,33.0,110.0,7.0,1.51
28,Albania,ALB,ECA,2013,31.0,116.0,7.0,2.1
29,Albania,ALB,ECA,2012,33.0,113.0,7.0,2
30,United Arab Emirates,ARE,MENA,2021,69.0,24.0,8.0,2.9
31,United Arab Emirates,ARE,MENA,2020,71.0,21.0,8.0,3.23
32,United Arab Emirates,ARE,MENA,2019,71.0,21.0,8.0,5.13
33,United Arab Emirates,ARE,MENA,2018,70.0,23.0,8.0,4.56
34,United Arab Emirates,ARE,MENA,2017,71.0,21.0,7.0,6.26
35,United Arab Emirates,ARE,MENA,2016,66.0,24.0,7.0,5.7
36,United Arab Emirates,ARE,MENA,2015,70.0,23.0,7.0,5.07
37,United Arab Emirates,ARE,MENA,2014,70.0,26.0,7.0,5.14
38,United Arab Emirates,ARE,MENA,2013,69.0,26.0,7.0,4.7
39,United Arab Emirates,ARE,MENA,2012,68.0,27.0,7.0,4.3
40,Argentina,ARG,AME,2021,38.0,96.0,8.0,2.1
41,Argentina,ARG,AME,2020,42.0,78.0,8.0,2.32
42,Argentina,ARG,AME,2019,45.0,66.0,8.0,3.29
43,Argentina,ARG,AME,2018,40.0,85.0,8.0,2.7
44,Argentina,ARG,AME,2017,39.0,85.0,8.0,2.92
45,Argentina,ARG,AME,2016,36.0,95.0,8.0,1.76
46,Argentina,ARG,AME,2015,32.0,106.0,7.0,1.84
47,Argentina,ARG,AME,2014,34.0,107.0,7.0,2.42
48,Argentina,ARG,AME,2013,34.0,106.0,8.0,2.4
49,Argentina,ARG,AME,2012,35.0,102.0,8.0,2.6
50,Armenia,ARM,ECA,2021,49.0,58.0,6.0,3.76
51,Armenia,ARM,ECA,2020,49.0,60.0,6.0,3.5
52,Armenia,ARM,ECA,2019,42.0,77.0,6.0,4.31
53,Armenia,ARM,ECA,2018,35.0,105.0,6.0,4
54,Armenia,ARM,ECA,2017,35.0,107.0,6.0,3.79
55,Armenia,ARM,ECA,2016,33.0,113.0,6.0,4.01
56,Armenia,ARM,ECA,2015,35.0,95.0,5.0,2.98
57,Armenia,ARM,ECA,2014,37.0,94.0,6.0,3.69
58,Armenia,ARM,ECA,2013,36.0,94.0,6.0,3.5
59,Armenia,ARM,ECA,2012,34.0,105.0,6.0,2.7
60,Australia,AUS,AP,2021,73.0,18.0,9.0,1.63
61,Australia,AUS,AP,2020,77.0,11.0,9.0,1.05
62,Australia,AUS,AP,2019,77.0,12.0,9.0,1.32
63,Australia,AUS,AP,2018,77.0,13.0,9.0,1.27
64,Australia,AUS,AP,2017,77.0,13.0,9.0,1.4
65,Australia,AUS,AP,2016,79.0,13.0,8.0,1.27
66,Australia,AUS,AP,2015,79.0,13.0,8.0,1.5
67,Australia,AUS,AP,2014,80.0,11.0,8.0,1.31
68,Australia,AUS,AP,2013,81.0,9.0,8.0,1.5
69,Australia,AUS,AP,2012,85.0,7.0,8.0,1.1
70,Austria,AUT,WE/EU,2021,74.0,13.0,8.0,0.83
71,Austria,AUT,WE/EU,2020,76.0,15.0,8.0,0.67
72,Austria,AUT,WE/EU,2019,77.0,12.0,8.0,1.57
73,Austria,AUT,WE/EU,2018,76.0,14.0,8.0,1.37
74,Austria,AUT,WE/EU,2017,75.0,16.0,8.0,1.17
75,Austria,AUT,WE/EU,2016,75.0,17.0,7.0,1.36
76,Austria,AUT,WE/EU,2015,76.0,16.0,7.0,1.76
77,Austria,AUT,WE/EU,2014,72.0,23.0,7.0,3.49
78,Austria,AUT,WE/EU,2013,69.0,26.0,8.0,3.2
79,Austria,AUT,WE/EU,2012,69.0,25.0,8.0,2.4
80,Azerbaijan,AZE,ECA,2021,30.0,128.0,7.0,5.52
81,Azerbaijan,AZE,ECA,2020,30.0,129.0,7.0,5
82,Azerbaijan,AZE,ECA,2019,30.0,126.0,7.0,7.16
83,Azerbaijan,AZE,ECA,2018,25.0,152.0,6.0,4.09
84,Azerbaijan,AZE,ECA,2017,31.0,122.0,7.0,5.64
85,Azerbaijan,AZE,ECA,2016,30.0,123.0,7.0,5.13
86,Azerbaijan,AZE,ECA,2015,29.0,119.0,6.0,3.25
87,Azerbaijan,AZE,ECA,2014,29.0,126.0,6.0,3.02
88,Azerbaijan,AZE,ECA,2013,28.0,127.0,6.0,3.5
89,Azerbaijan,AZE,ECA,2012,27.0,139.0,6.0,2.5
90,Burundi,BDI,SSA,2021,19.0,169.0,6.0,3.27
91,Burundi,BDI,SSA,2020,19.0,165.0,6.0,3.74
92,Burundi,BDI,SSA,2019,19.0,165.0,6.0,4.89
93,Burundi,BDI,SSA,2018,17.0,170.0,5.0,2.65
94,Burundi,BDI,SSA,2017,22.0,157.0,6.0,3.29
95,Burundi,BDI,SSA,2016,20.0,159.0,6.0,1.53
96,Burundi,BDI,SSA,2015,21.0,150.0,5.0,2.94
97,Burundi,BDI,SSA,2014,20.0,159.0,5.0,3.65
98,Burundi,BDI,SSA,2013,21.0,157.0,5.0,2.6
99,Burundi,BDI,SSA,2012,19.0,165.0,5.0,2.8
100,Belgium,BEL,WE/EU,2021,73.0,18.0,8.0,1.44
101,Belgium,BEL,WE/EU,2020,76.0,15.0,7.0,1.05
102,Belgium,BEL,WE/EU,2019,75.0,17.0,7.0,1.09
103,Belgium,BEL,WE/EU,2018,75.0,17.0,8.0,1.09
104,Belgium,BEL,WE/EU,2017,75.0,16.0,8.0,1.63
105,Belgium,BEL,WE/EU,2016,77.0,15.0,7.0,1.55
106,Belgium,BEL,WE/EU,2015,77.0,15.0,7.0,1.34
107,Belgium,BEL,WE/EU,2014,76.0,15.0,7.0,2.26
108,Belgium,BEL,WE/EU,2013,75.0,15.0,7.0,2.3
109,Belgium,BEL,WE/EU,2012,75.0,16.0,7.0,2.4
110,Benin,BEN,SSA,2021,42.0,78.0,7.0,2.35
111,Benin,BEN,SSA,2020,41.0,83.0,7.0,1.8
112,Benin,BEN,SSA,2019,41.0,80.0,7.0,2.64
113,Benin,BEN,SSA,2018,40.0,85.0,6.0,3.14
114,Benin,BEN,SSA,2017,39.0,85.0,6.0,4.17
115,Benin,BEN,SSA,2016,36.0,95.0,6.0,3.8
116,Benin,BEN,SSA,2015,37.0,83.0,5.0,4.43
117,Benin,BEN,SSA,2014,39.0,80.0,4.0,4.38
118,Benin,BEN,SSA,2013,36.0,94.0,6.0,3.4
119,Benin,BEN,SSA,2012,36.0,94.0,6.0,4.3
120,Burkina Faso,BFA,SSA,2021,42.0,78.0,7.0,1.37
121,Burkina Faso,BFA,SSA,2020,40.0,86.0,8.0,1.62
122,Burkina Faso,BFA,SSA,2019,40.0,85.0,8.0,2.54
123,Burkina Faso,BFA,SSA,2018,41.0,78.0,8.0,1.81
124,Burkina Faso,BFA,SSA,2017,42.0,74.0,7.0,2.18
125,Burkina Faso,BFA,SSA,2016,42.0,72.0,7.0,2.47
126,Burkina Faso,BFA,SSA,2015,38.0,76.0,7.0,2.97
127,Burkina Faso,BFA,SSA,2014,38.0,85.0,7.0,2.67
128,Burkina Faso,BFA,SSA,2013,38.0,83.0,7.0,3.9
129,Burkina Faso,BFA,SSA,2012,38.0,83.0,7.0,4.4
130,Bangladesh,BGD,AP,2021,26.0,147.0,8.0,1.74
131,Bangladesh,BGD,AP,2020,26.0,146.0,8.0,1.72
132,Bangladesh,BGD,AP,2019,26.0,146.0,8.0,2.62
133,Bangladesh,BGD,AP,2018,26.0,149.0,8.0,2.63
134,Bangladesh,BGD,AP,2017,28.0,143.0,8.0,3.19
135,Bangladesh,BGD,AP,2016,26.0,145.0,7.0,4.13
136,Bangladesh,BGD,AP,2015,25.0,139.0,7.0,4.3
137,Bangladesh,BGD,AP,2014,25.0,145.0,7.0,4.23
138,Bangladesh,BGD,AP,2013,27.0,136.0,7.0,4.1
139,Bangladesh,BGD,AP,2012,26.0,144.0,7.0,4.1
140,Bulgaria,BGR,WE/EU,2021,42.0,78.0,10.0,1.18
141,Bulgaria,BGR,WE/EU,2020,44.0,69.0,10.0,1.29
142,Bulgaria,BGR,WE/EU,2019,43.0,74.0,10.0,2.77
143,Bulgaria,BGR,WE/EU,2018,42.0,77.0,10.0,2.41
144,Bulgaria,BGR,WE/EU,2017,43.0,71.0,10.0,2.66
145,Bulgaria,BGR,WE/EU,2016,41.0,75.0,9.0,2.2
146,Bulgaria,BGR,WE/EU,2015,41.0,69.0,9.0,2.43
147,Bulgaria,BGR,WE/EU,2014,43.0,69.0,9.0,2.82
148,Bulgaria,BGR,WE/EU,2013,41.0,77.0,9.0,3.3
149,Bulgaria,BGR,WE/EU,2012,41.0,75.0,8.0,3.8
150,Bahrain,BHR,MENA,2021,42.0,78.0,6.0,5.2
151,Bahrain,BHR,MENA,2020,42.0,78.0,6.0,5.91
152,Bahrain,BHR,MENA,2019,42.0,77.0,6.0,7.65
153,Bahrain,BHR,MENA,2018,36.0,99.0,4.0,1.81
154,Bahrain,BHR,MENA,2017,36.0,103.0,4.0,1.81
155,Bahrain,BHR,MENA,2016,43.0,70.0,5.0,5.96
156,Bahrain,BHR,MENA,2015,51.0,50.0,5.0,7.86
157,Bahrain,BHR,MENA,2014,49.0,55.0,5.0,6.11
158,Bahrain,BHR,MENA,2013,48.0,57.0,5.0,5.4
159,Bahrain,BHR,MENA,2012,51.0,53.0,5.0,4.1
160,Bahamas,BHS,AME,2021,64.0,30.0,3.0,5.63
161,Bahamas,BHS,AME,2020,63.0,30.0,3.0,5.8
162,Bahamas,BHS,AME,2019,64.0,29.0,3.0,5.83
163,Bahamas,BHS,AME,2018,65.0,29.0,3.0,5.39
164,Bahamas,BHS,AME,2017,65.0,28.0,3.0,5.39
165,Bahamas,BHS,AME,2016,66.0,24.0,3.0,5.2
166,Bahamas,BHS,AME,2015,,,,
167,Bahamas,BHS,AME,2014,71.0,24.0,3.0,0.99
168,Bahamas,BHS,AME,2013,71.0,22.0,3.0,1
169,Bahamas,BHS,AME,2012,71.0,22.0,3.0,1
170,Bosnia and Herzegovina,BIH,ECA,2021,35.0,110.0,7.0,1.8
171,Bosnia and Herzegovina,BIH,ECA,2020,35.0,111.0,7.0,1.87
172,Bosnia and Herzegovina,BIH,ECA,2019,36.0,101.0,7.0,1.95
173,Bosnia and Herzegovina,BIH,ECA,2018,38.0,89.0,7.0,1.86
174,Bosnia and Herzegovina,BIH,ECA,2017,38.0,91.0,7.0,2.56
175,Bosnia and Herzegovina,BIH,ECA,2016,39.0,83.0,7.0,1.7
176,Bosnia and Herzegovina,BIH,ECA,2015,38.0,76.0,6.0,1.71
177,Bosnia and Herzegovina,BIH,ECA,2014,39.0,80.0,6.0,1.15
178,Bosnia and Herzegovina,BIH,ECA,2013,42.0,72.0,7.0,2.9
179,Bosnia and Herzegovina,BIH,ECA,2012,42.0,72.0,7.0,2.3
180,Belarus,BLR,ECA,2021,41.0,82.0,8.0,2.35
181,Belarus,BLR,ECA,2020,47.0,63.0,7.0,3.38
182,Belarus,BLR,ECA,2019,45.0,66.0,7.0,4.2
183,Belarus,BLR,ECA,2018,44.0,70.0,7.0,3.92
184,Belarus,BLR,ECA,2017,44.0,68.0,7.0,4.12
185,Belarus,BLR,ECA,2016,40.0,79.0,7.0,3.93
186,Belarus,BLR,ECA,2015,32.0,106.0,6.0,4.37
187,Belarus,BLR,ECA,2014,31.0,119.0,5.0,4.04
188,Belarus,BLR,ECA,2013,29.0,123.0,5.0,4
189,Belarus,BLR,ECA,2012,31.0,123.0,5.0,3.6
190,Bolivia,BOL,AME,2021,30.0,128.0,7.0,1.68
191,Bolivia,BOL,AME,2020,31.0,124.0,7.0,2.05
192,Bolivia,BOL,AME,2019,31.0,123.0,7.0,3
193,Bolivia,BOL,AME,2018,29.0,132.0,7.0,3.6
194,Bolivia,BOL,AME,2017,33.0,112.0,6.0,2.98
195,Bolivia,BOL,AME,2016,33.0,113.0,8.0,2.85
196,Bolivia,BOL,AME,2015,34.0,98.0,7.0,3.58
197,Bolivia,BOL,AME,2014,35.0,103.0,7.0,2.98
198,Bolivia,BOL,AME,2013,34.0,106.0,7.0,3.7
199,Bolivia,BOL,AME,2012,34.0,105.0,7.0,3.7
200,Brazil,BRA,AME,2021,38.0,96.0,8.0,1.61
201,Brazil,BRA,AME,2020,38.0,94.0,8.0,2.5
202,Brazil,BRA,AME,2019,35.0,106.0,8.0,4.06
203,Brazil,BRA,AME,2018,35.0,105.0,8.0,4.05
204,Brazil,BRA,AME,2017,37.0,96.0,8.0,4.24
205,Brazil,BRA,AME,2016,40.0,79.0,8.0,4.34
206,Brazil,BRA,AME,2015,38.0,76.0,7.0,5.29
207,Brazil,BRA,AME,2014,43.0,69.0,7.0,4.01
208,Brazil,BRA,AME,2013,42.0,72.0,8.0,3.7
209,Brazil,BRA,AME,2012,43.0,69.0,8.0,3.3
210,Barbados,BRB,AME,2021,65.0,29.0,4.0,3.07
211,Barbados,BRB,AME,2020,64.0,29.0,4.0,5.47
212,Barbados,BRB,AME,2019,62.0,30.0,4.0,6.06
213,Barbados,BRB,AME,2018,68.0,25.0,3.0,3.12
214,Barbados,BRB,AME,2017,68.0,25.0,3.0,3.24
215,Barbados,BRB,AME,2016,61.0,31.0,3.0,6.91
216,Barbados,BRB,AME,2015,,,,
217,Barbados,BRB,AME,2014,74.0,17.0,3.0,8.09
218,Barbados,BRB,AME,2013,75.0,15.0,3.0,7.1
219,Barbados,BRB,AME,2012,76.0,15.0,3.0,6.7
220,Brunei Darussalam,BRN,AP,2021,,,,
221,Brunei Darussalam,BRN,AP,2020,60.0,35.0,3.0,5.59
222,Brunei Darussalam,BRN,AP,2019,60.0,35.0,3.0,6.12
223,Brunei Darussalam,BRN,AP,2018,63.0,31.0,3.0,6.62
224,Brunei Darussalam,BRN,AP,2017,62.0,32.0,3.0,8.72
225,Brunei Darussalam,BRN,AP,2016,58.0,41.0,3.0,8.85
226,Brunei Darussalam,BRN,AP,2015,,,,
227,Brunei Darussalam,BRN,AP,2014,,,,
228,Brunei Darussalam,BRN,AP,2013,60.0,38.0,3.0,10.4
229,Brunei Darussalam,BRN,AP,2012,55.0,46.0,3.0,9.1
230,Bhutan,BTN,AP,2021,68.0,25.0,4.0,2.24
231,Bhutan,BTN,AP,2020,68.0,24.0,4.0,2.39
232,Bhutan,BTN,AP,2019,68.0,25.0,4.0,2.76
233,Bhutan,BTN,AP,2018,68.0,25.0,4.0,2.86
234,Bhutan,BTN,AP,2017,67.0,26.0,5.0,1.83
235,Bhutan,BTN,AP,2016,65.0,27.0,5.0,2.12
236,Bhutan,BTN,AP,2015,65.0,27.0,4.0,2.14
237,Bhutan,BTN,AP,2014,65.0,30.0,4.0,1.81
238,Bhutan,BTN,AP,2013,63.0,31.0,4.0,2.6
239,Bhutan,BTN,AP,2012,63.0,33.0,3.0,3.6
240,Botswana,BWA,SSA,2021,55.0,45.0,8.0,3.19
241,Botswana,BWA,SSA,2020,60.0,35.0,7.0,2.88
242,Botswana,BWA,SSA,2019,61.0,34.0,7.0,3.73
243,Botswana,BWA,SSA,2018,61.0,34.0,7.0,2.76
244,Botswana,BWA,SSA,2017,61.0,34.0,7.0,2.74
245,Botswana,BWA,SSA,2016,60.0,35.0,6.0,3.1
246,Botswana,BWA,SSA,2015,63.0,29.0,6.0,2.35
247,Botswana,BWA,SSA,2014,63.0,31.0,6.0,1.93
248,Botswana,BWA,SSA,2013,64.0,30.0,7.0,1.6
249,Botswana,BWA,SSA,2012,65.0,30.0,7.0,1.9
250,Central African Republic,CAF,SSA,2021,24.0,154.0,5.0,0.99
251,Central African Republic,CAF,SSA,2020,26.0,146.0,5.0,0.93
252,Central African Republic,CAF,SSA,2019,25.0,153.0,5.0,1.43
253,Central African Republic,CAF,SSA,2018,26.0,149.0,5.0,1.14
254,Central African Republic,CAF,SSA,2017,23.0,156.0,5.0,3.28
255,Central African Republic,CAF,SSA,2016,20.0,159.0,4.0,4.04
256,Central African Republic,CAF,SSA,2015,24.0,145.0,4.0,1.44
257,Central African Republic,CAF,SSA,2014,24.0,150.0,4.0,1.33
258,Central African Republic,CAF,SSA,2013,25.0,144.0,4.0,5.4
259,Central African Republic,CAF,SSA,2012,26.0,144.0,4.0,2.4
260,Canada,CAN,AME,2021,74.0,13.0,8.0,2.3
261,Canada,CAN,AME,2020,77.0,11.0,8.0,1.77
262,Canada,CAN,AME,2019,77.0,12.0,8.0,2.8
263,Canada,CAN,AME,2018,81.0,9.0,8.0,2.16
264,Canada,CAN,AME,2017,82.0,8.0,8.0,1.49
265,Canada,CAN,AME,2016,82.0,9.0,7.0,2.03
266,Canada,CAN,AME,2015,83.0,10.0,7.0,1.63
267,Canada,CAN,AME,2014,81.0,10.0,7.0,2.45
268,Canada,CAN,AME,2013,81.0,9.0,7.0,2.4
269,Canada,CAN,AME,2012,84.0,9.0,7.0,2.2
270,Switzerland,CHE,WE/EU,2021,84.0,7.0,7.0,1.11
271,Switzerland,CHE,WE/EU,2020,85.0,3.0,7.0,1.1
272,Switzerland,CHE,WE/EU,2019,85.0,4.0,7.0,1.58
273,Switzerland,CHE,WE/EU,2018,85.0,3.0,7.0,1.57
274,Switzerland,CHE,WE/EU,2017,85.0,3.0,7.0,1.71
275,Switzerland,CHE,WE/EU,2016,86.0,5.0,6.0,1.57
276,Switzerland,CHE,WE/EU,2015,86.0,6.0,6.0,2.55
277,Switzerland,CHE,WE/EU,2014,86.0,5.0,6.0,2.61
278,Switzerland,CHE,WE/EU,2013,85.0,7.0,6.0,2.5
279,Switzerland,CHE,WE/EU,2012,86.0,6.0,6.0,2.6
280,Chile,CHL,AME,2021,67.0,27.0,9.0,1.33
281,Chile,CHL,AME,2020,67.0,25.0,9.0,1.23
282,Chile,CHL,AME,2019,67.0,26.0,9.0,2.55
283,Chile,CHL,AME,2018,67.0,27.0,9.0,1.88
284,Chile,CHL,AME,2017,67.0,26.0,9.0,2.03
285,Chile,CHL,AME,2016,66.0,24.0,8.0,2.65
286,Chile,CHL,AME,2015,70.0,23.0,8.0,2.15
287,Chile,CHL,AME,2014,73.0,21.0,8.0,1.74
288,Chile,CHL,AME,2013,71.0,22.0,9.0,1.8
289,Chile,CHL,AME,2012,72.0,20.0,9.0,2.1
290,China,CHN,AP,2021,45.0,66.0,9.0,1.77
291,China,CHN,AP,2020,42.0,78.0,8.0,1.63
292,China,CHN,AP,2019,41.0,80.0,8.0,2.1
293,China,CHN,AP,2018,39.0,87.0,8.0,2.02
294,China,CHN,AP,2017,41.0,77.0,9.0,1.96
295,China,CHN,AP,2016,40.0,79.0,8.0,2.39
296,China,CHN,AP,2015,37.0,83.0,8.0,2.34
297,China,CHN,AP,2014,36.0,100.0,8.0,2.17
298,China,CHN,AP,2013,40.0,80.0,9.0,2.9
299,China,CHN,AP,2012,39.0,80.0,9.0,2.9
300,Cote d'Ivoire,CIV,SSA,2021,36.0,105.0,9.0,1.4
301,Cote d'Ivoire,CIV,SSA,2020,36.0,104.0,9.0,1.46
302,Cote d'Ivoire,CIV,SSA,2019,35.0,106.0,9.0,2.49
303,Cote d'Ivoire,CIV,SSA,2018,35.0,105.0,9.0,2.05
304,Cote d'Ivoire,CIV,SSA,2017,36.0,103.0,8.0,2.03
305,Cote d'Ivoire,CIV,SSA,2016,34.0,108.0,8.0,2.03
306,Cote d'Ivoire,CIV,SSA,2015,32.0,106.0,8.0,2.65
307,Cote d'Ivoire,CIV,SSA,2014,32.0,115.0,8.0,4.2
308,Cote d'Ivoire,CIV,SSA,2013,27.0,136.0,8.0,2.3
309,Cote d'Ivoire,CIV,SSA,2012,29.0,130.0,8.0,2.4
310,Cameroon,CMR,SSA,2021,27.0,144.0,9.0,1.37
311,Cameroon,CMR,SSA,2020,25.0,149.0,9.0,1.36
312,Cameroon,CMR,SSA,2019,25.0,153.0,9.0,2.42
313,Cameroon,CMR,SSA,2018,25.0,152.0,9.0,2.43
314,Cameroon,CMR,SSA,2017,25.0,153.0,9.0,2.58
315,Cameroon,CMR,SSA,2016,26.0,145.0,9.0,3.04
316,Cameroon,CMR,SSA,2015,27.0,130.0,8.0,3.26
317,Cameroon,CMR,SSA,2014,27.0,136.0,8.0,2.87
318,Cameroon,CMR,SSA,2013,25.0,144.0,8.0,2.9
319,Cameroon,CMR,SSA,2012,26.0,144.0,8.0,3.5
320,Democratic Republic of the Congo,COD,SSA,2021,19.0,169.0,9.0,1
321,Democratic Republic of the Congo,COD,SSA,2020,18.0,170.0,9.0,0.75
322,Democratic Republic of the Congo,COD,SSA,2019,18.0,168.0,9.0,1.43
323,Democratic Republic of the Congo,COD,SSA,2018,20.0,161.0,8.0,2.13
324,Democratic Republic of the Congo,COD,SSA,2017,21.0,161.0,8.0,1.96
325,Democratic Republic of the Congo,COD,SSA,2016,21.0,156.0,7.0,2.13
326,Democratic Republic of the Congo,COD,SSA,2015,22.0,147.0,6.0,3.35
327,Democratic Republic of the Congo,COD,SSA,2014,22.0,154.0,5.0,4.19
328,Democratic Republic of the Congo,COD,SSA,2013,22.0,154.0,5.0,4.2
329,Democratic Republic of the Congo,COD,SSA,2012,21.0,160.0,5.0,3.3
330,Congo,COG,SSA,2021,21.0,162.0,7.0,1.46
331,Congo,COG,SSA,2020,19.0,165.0,6.0,0.8
332,Congo,COG,SSA,2019,19.0,165.0,6.0,1.03
333,Congo,COG,SSA,2018,19.0,165.0,6.0,1.04
334,Congo,COG,SSA,2017,21.0,161.0,6.0,1.08
335,Congo,COG,SSA,2016,20.0,159.0,5.0,1.78
336,Congo,COG,SSA,2015,23.0,146.0,6.0,4.11
337,Congo,COG,SSA,2014,23.0,152.0,6.0,4.2
338,Congo,COG,SSA,2013,22.0,154.0,6.0,3.8
339,Congo,COG,SSA,2012,26.0,144.0,6.0,3.3
340,Colombia,COL,AME,2021,39.0,87.0,8.0,1.45
341,Colombia,COL,AME,2020,39.0,92.0,8.0,1.59
342,Colombia,COL,AME,2019,37.0,96.0,8.0,2.49
343,Colombia,COL,AME,2018,36.0,99.0,8.0,2.51
344,Colombia,COL,AME,2017,37.0,96.0,8.0,2.77
345,Colombia,COL,AME,2016,37.0,90.0,8.0,2.27
346,Colombia,COL,AME,2015,37.0,83.0,7.0,1.94
347,Colombia,COL,AME,2014,37.0,94.0,7.0,1.68
348,Colombia,COL,AME,2013,36.0,94.0,7.0,2
349,Colombia,COL,AME,2012,36.0,94.0,7.0,2.6
350,Comoros,COM,SSA,2021,20.0,164.0,4.0,5.83
351,Comoros,COM,SSA,2020,21.0,160.0,4.0,5.75
352,Comoros,COM,SSA,2019,25.0,153.0,4.0,8.9
353,Comoros,COM,SSA,2018,27.0,144.0,4.0,9
354,Comoros,COM,SSA,2017,27.0,148.0,4.0,8.87
355,Comoros,COM,SSA,2016,24.0,153.0,3.0,12.81
356,Comoros,COM,SSA,2015,26.0,136.0,3.0,8.76
357,Comoros,COM,SSA,2014,26.0,142.0,3.0,8.75
358,Comoros,COM,SSA,2013,28.0,127.0,3.0,7.5
359,Comoros,COM,SSA,2012,28.0,133.0,3.0,7.5
360,Cabo Verde,CPV,SSA,2021,58.0,39.0,4.0,2.97
361,Cabo Verde,CPV,SSA,2020,58.0,41.0,4.0,3.72
362,Cabo Verde,CPV,SSA,2019,58.0,41.0,4.0,4.3
363,Cabo Verde,CPV,SSA,2018,57.0,45.0,4.0,4.22
364,Cabo Verde,CPV,SSA,2017,55.0,48.0,4.0,4.19
365,Cabo Verde,CPV,SSA,2016,59.0,38.0,3.0,5.72
366,Cabo Verde,CPV,SSA,2015,55.0,40.0,4.0,6.16
367,Cabo Verde,CPV,SSA,2014,57.0,43.0,4.0,5.94
368,Cabo Verde,CPV,SSA,2013,58.0,41.0,4.0,4.8
369,Cabo Verde,CPV,SSA,2012,60.0,39.0,4.0,3.8
370,Costa Rica,CRI,AME,2021,58.0,39.0,7.0,2.42
371,Costa Rica,CRI,AME,2020,57.0,42.0,7.0,2.58
372,Costa Rica,CRI,AME,2019,56.0,44.0,7.0,3.97
373,Costa Rica,CRI,AME,2018,56.0,48.0,7.0,3.65
374,Costa Rica,CRI,AME,2017,59.0,38.0,7.0,2.98
375,Costa Rica,CRI,AME,2016,58.0,41.0,7.0,3.17
376,Costa Rica,CRI,AME,2015,55.0,40.0,6.0,2.71
377,Costa Rica,CRI,AME,2014,54.0,48.0,5.0,4.07
378,Costa Rica,CRI,AME,2013,53.0,49.0,5.0,4.1
379,Costa Rica,CRI,AME,2012,54.0,48.0,5.0,7
380,Cuba,CUB,AME,2021,46.0,64.0,5.0,3.07
381,Cuba,CUB,AME,2020,47.0,63.0,5.0,2.81
382,Cuba,CUB,AME,2019,48.0,60.0,5.0,1.87
383,Cuba,CUB,AME,2018,47.0,61.0,5.0,2.56
384,Cuba,CUB,AME,2017,47.0,62.0,5.0,2.36
385,Cuba,CUB,AME,2016,47.0,60.0,5.0,2.9
386,Cuba,CUB,AME,2015,47.0,56.0,4.0,3.64
387,Cuba,CUB,AME,2014,46.0,63.0,4.0,4.46
388,Cuba,CUB,AME,2013,46.0,63.0,4.0,4.5
389,Cuba,CUB,AME,2012,48.0,58.0,4.0,4.1
390,Cyprus,CYP,WE/EU,2021,53.0,52.0,8.0,2.59
391,Cyprus,CYP,WE/EU,2020,57.0,42.0,7.0,3.19
392,Cyprus,CYP,WE/EU,2019,58.0,41.0,7.0,3.41
393,Cyprus,CYP,WE/EU,2018,59.0,38.0,7.0,3.54
394,Cyprus,CYP,WE/EU,2017,57.0,42.0,7.0,3.78
395,Cyprus,CYP,WE/EU,2016,55.0,47.0,5.0,5.94
396,Cyprus,CYP,WE/EU,2015,61.0,32.0,5.0,4.17
397,Cyprus,CYP,WE/EU,2014,63.0,31.0,5.0,3.92
398,Cyprus,CYP,WE/EU,2013,63.0,31.0,5.0,3.9
399,Cyprus,CYP,WE/EU,2012,66.0,29.0,4.0,2.4
400,Czech Republic,CZE,WE/EU,2021,54.0,49.0,10.0,1.28
401,Czech Republic,CZE,WE/EU,2020,54.0,49.0,10.0,1.1
402,Czech Republic,CZE,WE/EU,2019,56.0,44.0,10.0,1.87
403,Czech Republic,CZE,WE/EU,2018,59.0,38.0,10.0,2.28
404,Czech Republic,CZE,WE/EU,2017,57.0,42.0,10.0,1.98
405,Czech Republic,CZE,WE/EU,2016,55.0,47.0,9.0,2.24
406,Czech Republic,CZE,WE/EU,2015,56.0,38.0,9.0,2.21
407,Czech Republic,CZE,WE/EU,2014,51.0,53.0,9.0,2.94
408,Czech Republic,CZE,WE/EU,2013,48.0,57.0,10.0,3
409,Czech Republic,CZE,WE/EU,2012,49.0,54.0,10.0,2.9
410,Germany,DEU,WE/EU,2021,80.0,10.0,8.0,1.76
411,Germany,DEU,WE/EU,2020,80.0,9.0,8.0,2
412,Germany,DEU,WE/EU,2019,80.0,9.0,8.0,3.31
413,Germany,DEU,WE/EU,2018,80.0,11.0,8.0,2.49
414,Germany,DEU,WE/EU,2017,81.0,12.0,8.0,1.87
415,Germany,DEU,WE/EU,2016,81.0,10.0,7.0,2.73
416,Germany,DEU,WE/EU,2015,81.0,11.0,7.0,2.5
417,Germany,DEU,WE/EU,2014,79.0,12.0,7.0,2.58
418,Germany,DEU,WE/EU,2013,78.0,12.0,8.0,2.4
419,Germany,DEU,WE/EU,2012,79.0,13.0,8.0,2.3
420,Djibouti,DJI,SSA,2021,30.0,128.0,5.0,1.68
421,Djibouti,DJI,SSA,2020,27.0,142.0,5.0,1.53
422,Djibouti,DJI,SSA,2019,30.0,126.0,5.0,4.28
423,Djibouti,DJI,SSA,2018,31.0,124.0,4.0,5.38
424,Djibouti,DJI,SSA,2017,31.0,122.0,4.0,5.32
425,Djibouti,DJI,SSA,2016,30.0,123.0,3.0,8.23
426,Djibouti,DJI,SSA,2015,34.0,98.0,3.0,9.07
427,Djibouti,DJI,SSA,2014,34.0,107.0,3.0,9.1
428,Djibouti,DJI,SSA,2013,36.0,94.0,3.0,8.6
429,Djibouti,DJI,SSA,2012,36.0,94.0,3.0,8.6
430,Dominica,DMA,AME,2021,55.0,45.0,3.0,1.98
431,Dominica,DMA,AME,2020,55.0,48.0,3.0,1.98
432,Dominica,DMA,AME,2019,55.0,48.0,3.0,2.16
433,Dominica,DMA,AME,2018,57.0,45.0,3.0,2.55
434,Dominica,DMA,AME,2017,57.0,42.0,3.0,2.55
435,Dominica,DMA,AME,2016,59.0,38.0,3.0,0.85
436,Dominica,DMA,AME,2015,,,,
437,Dominica,DMA,AME,2014,58.0,40.0,3.0,2.34
438,Dominica,DMA,AME,2013,58.0,41.0,3.0,2.3
439,Dominica,DMA,AME,2012,58.0,41.0,3.0,2.3
440,Denmark,DNK,WE/EU,2021,88.0,1.0,8.0,1.85
441,Denmark,DNK,WE/EU,2020,88.0,1.0,8.0,1.78
442,Denmark,DNK,WE/EU,2019,87.0,1.0,8.0,2.54
443,Denmark,DNK,WE/EU,2018,88.0,1.0,8.0,2.63
444,Denmark,DNK,WE/EU,2017,88.0,2.0,8.0,2.75
445,Denmark,DNK,WE/EU,2016,90.0,1.0,7.0,2.46
446,Denmark,DNK,WE/EU,2015,91.0,1.0,7.0,2.16
447,Denmark,DNK,WE/EU,2014,92.0,1.0,7.0,2.04
448,Denmark,DNK,WE/EU,2013,91.0,1.0,7.0,2.2
449,Denmark,DNK,WE/EU,2012,90.0,1.0,7.0,2
450,Dominican Republic,DOM,AME,2021,30.0,128.0,7.0,1.16
451,Dominican Republic,DOM,AME,2020,28.0,137.0,7.0,1.91
452,Dominican Republic,DOM,AME,2019,28.0,137.0,7.0,2.7
453,Dominican Republic,DOM,AME,2018,30.0,129.0,7.0,2.57
454,Dominican Republic,DOM,AME,2017,29.0,135.0,7.0,2.56
455,Dominican Republic,DOM,AME,2016,31.0,120.0,6.0,1.89
456,Dominican Republic,DOM,AME,2015,33.0,102.0,6.0,2.63
457,Dominican Republic,DOM,AME,2014,32.0,115.0,6.0,3.3
458,Dominican Republic,DOM,AME,2013,29.0,123.0,6.0,3.5
459,Dominican Republic,DOM,AME,2012,32.0,118.0,6.0,2.7
460,Algeria,DZA,MENA,2021,33.0,117.0,7.0,1.08
461,Algeria,DZA,MENA,2020,36.0,104.0,7.0,1.48
462,Algeria,DZA,MENA,2019,35.0,106.0,7.0,2.59
463,Algeria,DZA,MENA,2018,35.0,105.0,6.0,1.21
464,Algeria,DZA,MENA,2017,33.0,112.0,6.0,2.32
465,Algeria,DZA,MENA,2016,34.0,108.0,6.0,2.94
466,Algeria,DZA,MENA,2015,36.0,88.0,5.0,1.85
467,Algeria,DZA,MENA,2014,36.0,100.0,5.0,2.06
468,Algeria,DZA,MENA,2013,36.0,94.0,6.0,2.8
469,Algeria,DZA,MENA,2012,34.0,105.0,6.0,3.3
470,Ecuador,ECU,AME,2021,36.0,105.0,7.0,1.58
471,Ecuador,ECU,AME,2020,39.0,92.0,7.0,1.73
472,Ecuador,ECU,AME,2019,38.0,93.0,7.0,2.19
473,Ecuador,ECU,AME,2018,34.0,114.0,7.0,3.46
474,Ecuador,ECU,AME,2017,32.0,117.0,7.0,2.66
475,Ecuador,ECU,AME,2016,31.0,120.0,6.0,1.96
476,Ecuador,ECU,AME,2015,32.0,106.0,6.0,2.86
477,Ecuador,ECU,AME,2014,33.0,110.0,5.0,3.56
478,Ecuador,ECU,AME,2013,35.0,102.0,6.0,3.6
479,Ecuador,ECU,AME,2012,32.0,118.0,6.0,2.9
480,Egypt,EGY,MENA,2021,33.0,117.0,7.0,4.09
481,Egypt,EGY,MENA,2020,33.0,117.0,7.0,3.68
482,Egypt,EGY,MENA,2019,35.0,106.0,7.0,4.86
483,Egypt,EGY,MENA,2018,35.0,105.0,7.0,4.59
484,Egypt,EGY,MENA,2017,32.0,117.0,7.0,4.04
485,Egypt,EGY,MENA,2016,34.0,108.0,6.0,2.72
486,Egypt,EGY,MENA,2015,36.0,88.0,6.0,2.47
487,Egypt,EGY,MENA,2014,37.0,94.0,6.0,2.91
488,Egypt,EGY,MENA,2013,32.0,114.0,7.0,3.1
489,Egypt,EGY,MENA,2012,32.0,118.0,7.0,3.1
490,Eritrea,ERI,SSA,2021,22.0,161.0,5.0,4.99
491,Eritrea,ERI,SSA,2020,21.0,160.0,5.0,4.58
492,Eritrea,ERI,SSA,2019,23.0,160.0,5.0,6.66
493,Eritrea,ERI,SSA,2018,24.0,157.0,5.0,8.24
494,Eritrea,ERI,SSA,2017,20.0,165.0,5.0,5.74
495,Eritrea,ERI,SSA,2016,18.0,164.0,5.0,6.24
496,Eritrea,ERI,SSA,2015,18.0,154.0,4.0,8.15
497,Eritrea,ERI,SSA,2014,18.0,166.0,4.0,7.91
498,Eritrea,ERI,SSA,2013,20.0,160.0,4.0,11
499,Eritrea,ERI,SSA,2012,25.0,150.0,4.0,9.2
500,Spain,ESP,WE/EU,2021,61.0,34.0,8.0,2.28
501,Spain,ESP,WE/EU,2020,62.0,32.0,8.0,2.01
502,Spain,ESP,WE/EU,2019,62.0,30.0,8.0,3.17
503,Spain,ESP,WE/EU,2018,58.0,41.0,8.0,4.33
504,Spain,ESP,WE/EU,2017,57.0,42.0,8.0,3.78
505,Spain,ESP,WE/EU,2016,58.0,41.0,7.0,4.09
506,Spain,ESP,WE/EU,2015,58.0,37.0,7.0,4.07
507,Spain,ESP,WE/EU,2014,60.0,38.0,7.0,3.75
508,Spain,ESP,WE/EU,2013,59.0,40.0,7.0,4.9
509,Spain,ESP,WE/EU,2012,65.0,30.0,7.0,2.9
510,Estonia,EST,WE/EU,2021,74.0,13.0,10.0,0.92
511,Estonia,EST,WE/EU,2020,75.0,17.0,10.0,0.87
512,Estonia,EST,WE/EU,2019,74.0,18.0,10.0,1.21
513,Estonia,EST,WE/EU,2018,73.0,18.0,10.0,1.44
514,Estonia,EST,WE/EU,2017,71.0,21.0,10.0,2.21
515,Estonia,EST,WE/EU,2016,70.0,22.0,10.0,2.16
516,Estonia,EST,WE/EU,2015,70.0,23.0,9.0,2.79
517,Estonia,EST,WE/EU,2014,69.0,27.0,9.0,2.89
518,Estonia,EST,WE/EU,2013,68.0,28.0,9.0,2.7
519,Estonia,EST,WE/EU,2012,64.0,32.0,8.0,3
520,Ethiopia,ETH,SSA,2021,39.0,87.0,8.0,1.21
521,Ethiopia,ETH,SSA,2020,38.0,94.0,9.0,1
522,Ethiopia,ETH,SSA,2019,37.0,96.0,9.0,1.52
523,Ethiopia,ETH,SSA,2018,34.0,114.0,8.0,1.52
524,Ethiopia,ETH,SSA,2017,35.0,107.0,9.0,1.36
525,Ethiopia,ETH,SSA,2016,34.0,108.0,9.0,1.37
526,Ethiopia,ETH,SSA,2015,33.0,102.0,8.0,2.73
527,Ethiopia,ETH,SSA,2014,33.0,110.0,8.0,2.54
528,Ethiopia,ETH,SSA,2013,33.0,111.0,8.0,2.5
529,Ethiopia,ETH,SSA,2012,33.0,113.0,8.0,1.6
530,Finland,FIN,WE/EU,2021,88.0,1.0,8.0,1.25
531,Finland,FIN,WE/EU,2020,85.0,3.0,8.0,1.75
532,Finland,FIN,WE/EU,2019,86.0,3.0,8.0,2.92
533,Finland,FIN,WE/EU,2018,85.0,3.0,8.0,2.74
534,Finland,FIN,WE/EU,2017,85.0,3.0,8.0,2.84
535,Finland,FIN,WE/EU,2016,89.0,3.0,7.0,1.46
536,Finland,FIN,WE/EU,2015,90.0,3.0,7.0,1.77
537,Finland,FIN,WE/EU,2014,89.0,3.0,7.0,2.05
538,Finland,FIN,WE/EU,2013,89.0,3.0,7.0,1.7
539,Finland,FIN,WE/EU,2012,90.0,1.0,7.0,3
540,Fiji,FJI,AP,2021,55.0,45.0,3.0,5.16
541,Fiji,FJI,AP,2020,,,,
542,Fiji,FJI,AP,2019,,,,
543,Fiji,FJI,AP,2018,,,,
544,Fiji,FJI,AP,2017,,,,
545,Fiji,FJI,AP,2016,,,,
546,Fiji,FJI,AP,2015,,,,
547,Fiji,FJI,AP,2014,,,,
548,Fiji,FJI,AP,2013,,,,
549,Fiji,FJI,AP,2012,,,,
550,France,FRA,WE/EU,2021,71.0,22.0,8.0,1.3
551,France,FRA,WE/EU,2020,69.0,23.0,8.0,1.4
552,France,FRA,WE/EU,2019,69.0,23.0,8.0,2.28
553,France,FRA,WE/EU,2018,72.0,21.0,8.0,1.17
554,France,FRA,WE/EU,2017,70.0,23.0,8.0,1.36
555,France,FRA,WE/EU,2016,69.0,23.0,7.0,2.97
556,France,FRA,WE/EU,2015,70.0,23.0,7.0,2.49
557,France,FRA,WE/EU,2014,69.0,27.0,7.0,2.17
558,France,FRA,WE/EU,2013,71.0,22.0,8.0,2.4
559,France,FRA,WE/EU,2012,71.0,22.0,8.0,2.4
560,Gabon,GAB,SSA,2021,31.0,124.0,5.0,2.4
561,Gabon,GAB,SSA,2020,30.0,129.0,6.0,2.35
562,Gabon,GAB,SSA,2019,31.0,123.0,6.0,2.41
563,Gabon,GAB,SSA,2018,31.0,124.0,4.0,3.92
564,Gabon,GAB,SSA,2017,32.0,117.0,4.0,3.22
565,Gabon,GAB,SSA,2016,35.0,101.0,4.0,0.97
566,Gabon,GAB,SSA,2015,34.0,98.0,4.0,1.65
567,Gabon,GAB,SSA,2014,37.0,94.0,4.0,4.19
568,Gabon,GAB,SSA,2013,34.0,106.0,5.0,1.5
569,Gabon,GAB,SSA,2012,35.0,102.0,5.0,2.1
570,United Kingdom,GBR,WE/EU,2021,78.0,11.0,8.0,1.43
571,United Kingdom,GBR,WE/EU,2020,77.0,11.0,8.0,2.2
572,United Kingdom,GBR,WE/EU,2019,77.0,12.0,8.0,3.34
573,United Kingdom,GBR,WE/EU,2018,80.0,11.0,8.0,2.03
574,United Kingdom,GBR,WE/EU,2017,82.0,8.0,8.0,1.7
575,United Kingdom,GBR,WE/EU,2016,81.0,10.0,7.0,2.12
576,United Kingdom,GBR,WE/EU,2015,81.0,11.0,7.0,2.4
577,United Kingdom,GBR,WE/EU,2014,78.0,14.0,7.0,2.09
578,United Kingdom,GBR,WE/EU,2013,76.0,14.0,8.0,1.3
579,United Kingdom,GBR,WE/EU,2012,74.0,17.0,8.0,1.3
580,Georgia,GEO,ECA,2021,55.0,45.0,6.0,2.84
581,Georgia,GEO,ECA,2020,56.0,45.0,5.0,3.15
582,Georgia,GEO,ECA,2019,56.0,44.0,5.0,3.84
583,Georgia,GEO,ECA,2018,58.0,41.0,6.0,3.92
584,Georgia,GEO,ECA,2017,56.0,46.0,6.0,3.1
585,Georgia,GEO,ECA,2016,57.0,44.0,6.0,3.61
586,Georgia,GEO,ECA,2015,52.0,48.0,5.0,6.53
587,Georgia,GEO,ECA,2014,52.0,51.0,6.0,6.47
588,Georgia,GEO,ECA,2013,49.0,55.0,6.0,6.9
589,Georgia,GEO,ECA,2012,52.0,51.0,6.0,6
590,Ghana,GHA,SSA,2021,43.0,73.0,9.0,1.53
591,Ghana,GHA,SSA,2020,43.0,75.0,9.0,1.52
592,Ghana,GHA,SSA,2019,41.0,80.0,9.0,2.76
593,Ghana,GHA,SSA,2018,41.0,78.0,9.0,2.54
594,Ghana,GHA,SSA,2017,40.0,81.0,9.0,2.56
595,Ghana,GHA,SSA,2016,43.0,70.0,9.0,2.89
596,Ghana,GHA,SSA,2015,47.0,56.0,8.0,2.82
597,Ghana,GHA,SSA,2014,48.0,61.0,8.0,3.01
598,Ghana,GHA,SSA,2013,46.0,63.0,9.0,3.3
599,Ghana,GHA,SSA,2012,45.0,64.0,9.0,3.8
600,Guinea,GIN,SSA,2021,25.0,150.0,8.0,1.27
601,Guinea,GIN,SSA,2020,28.0,137.0,8.0,1.88
602,Guinea,GIN,SSA,2019,29.0,130.0,8.0,2.5
603,Guinea,GIN,SSA,2018,28.0,138.0,6.0,2.67
604,Guinea,GIN,SSA,2017,27.0,148.0,7.0,2.37
605,Guinea,GIN,SSA,2016,27.0,142.0,5.0,2.54
606,Guinea,GIN,SSA,2015,25.0,139.0,6.0,3.16
607,Guinea,GIN,SSA,2014,25.0,145.0,7.0,3.21
608,Guinea,GIN,SSA,2013,24.0,150.0,7.0,3.6
609,Guinea,GIN,SSA,2012,24.0,154.0,7.0,2.7
610,Gambia,GMB,SSA,2021,37.0,102.0,8.0,3.38
611,Gambia,GMB,SSA,2020,37.0,102.0,8.0,3.19
612,Gambia,GMB,SSA,2019,37.0,96.0,7.0,5.98
613,Gambia,GMB,SSA,2018,37.0,93.0,6.0,9.44
614,Gambia,GMB,SSA,2017,30.0,130.0,6.0,6.22
615,Gambia,GMB,SSA,2016,26.0,145.0,5.0,7.2
616,Gambia,GMB,SSA,2015,28.0,123.0,5.0,6.67
617,Gambia,GMB,SSA,2014,29.0,126.0,5.0,7.55
618,Gambia,GMB,SSA,2013,28.0,127.0,5.0,6.7
619,Gambia,GMB,SSA,2012,34.0,105.0,5.0,7
620,Guinea-Bissau,GNB,SSA,2021,21.0,162.0,6.0,2.69
621,Guinea Bissau,GNB,SSA,2020,19.0,165.0,6.0,2.71
622,Guinea Bissau,GNB,SSA,2019,18.0,168.0,6.0,2.91
623,Guinea Bissau,GNB,SSA,2018,16.0,172.0,5.0,1.97
624,Guinea Bissau,GNB,SSA,2017,17.0,171.0,5.0,1.7
625,Guinea Bissau,GNB,SSA,2016,16.0,168.0,4.0,2.09
626,Guinea Bissau,GNB,SSA,2015,17.0,158.0,4.0,2.63
627,Guinea Bissau,GNB,SSA,2014,19.0,161.0,4.0,2.37
628,Guinea Bissau,GNB,SSA,2013,19.0,163.0,4.0,2.4
629,Guinea Bissau,GNB,SSA,2012,25.0,150.0,4.0,2.1
630,Equatorial Guinea,GNQ,SSA,2021,17.0,172.0,4.0,2.55
631,Equatorial Guinea,GNQ,SSA,2020,16.0,174.0,4.0,2.6
632,Equatorial Guinea,GNQ,SSA,2019,16.0,173.0,4.0,3
633,Equatorial Guinea,GNQ,SSA,2018,16.0,172.0,3.0,2.82
634,Equatorial Guinea,GNQ,SSA,2017,17.0,171.0,3.0,3.56
635,Equatorial Guinea,GNQ,SSA,2016,,,,
636,Equatorial Guinea,GNQ,SSA,2015,,,,
637,Equatorial Guinea,GNQ,SSA,2014,,,,
638,Equatorial Guinea,GNQ,SSA,2013,19.0,163.0,3.0,2.2
639,Equatorial Guinea,GNQ,SSA,2012,20.0,163.0,3.0,1.3
640,Greece,GRC,WE/EU,2021,49.0,58.0,8.0,1.63
641,Greece,GRC,WE/EU,2020,50.0,59.0,8.0,1.81
642,Greece,GRC,WE/EU,2019,48.0,60.0,8.0,2.57
643,Greece,GRC,WE/EU,2018,45.0,67.0,8.0,2.51
644,Greece,GRC,WE/EU,2017,48.0,59.0,8.0,2.98
645,Greece,GRC,WE/EU,2016,44.0,69.0,7.0,2.5
646,Greece,GRC,WE/EU,2015,46.0,58.0,7.0,5.08
647,Greece,GRC,WE/EU,2014,43.0,69.0,7.0,5.56
648,Greece,GRC,WE/EU,2013,40.0,80.0,7.0,4.5
649,Greece,GRC,WE/EU,2012,36.0,94.0,7.0,3.6
650,Grenada,GRD,AME,2021,53.0,52.0,3.0,3.99
651,Grenada,GRD,AME,2020,53.0,52.0,3.0,3.48
652,Grenada,GRD,AME,2019,53.0,51.0,3.0,4.37
653,Grenada,GRD,AME,2018,52.0,53.0,3.0,3
654,Grenada,GRD,AME,2017,52.0,52.0,3.0,3
655,Grenada,GRD,AME,2016,56.0,46.0,3.0,4.63
656,Grenada,GRD,AME,2015,,,,
657,Grenada,GRD,AME,2014,,,,
658,Grenada,GRD,AME,2013,,,,
659,Grenada,GRD,AME,2012,,,,
660,Guatemala,GTM,AME,2021,25.0,150.0,7.0,1.17
661,Guatemala,GTM,AME,2020,25.0,149.0,7.0,1.38
662,Guatemala,GTM,AME,2019,26.0,146.0,7.0,2.23
663,Guatemala,GTM,AME,2018,27.0,144.0,7.0,2.56
664,Guatemala,GTM,AME,2017,28.0,143.0,7.0,2.19
665,Guatemala,GTM,AME,2016,28.0,136.0,6.0,2.58
666,Guatemala,GTM,AME,2015,28.0,123.0,6.0,3.46
667,Guatemala,GTM,AME,2014,32.0,115.0,6.0,2.96
668,Guatemala,GTM,AME,2013,29.0,123.0,6.0,2.6
669,Guatemala,GTM,AME,2012,33.0,113.0,6.0,2.7
670,Guyana,GUY,AME,2021,39.0,87.0,5.0,2.13
671,Guyana,GUY,AME,2020,41.0,83.0,5.0,3.54
672,Guyana,GUY,AME,2019,40.0,85.0,5.0,3.34
673,Guyana,GUY,AME,2018,37.0,93.0,5.0,0.77
674,Guyana,GUY,AME,2017,38.0,91.0,5.0,1.84
675,Guyana,GUY,AME,2016,34.0,108.0,6.0,3.57
676,Guyana,GUY,AME,2015,29.0,119.0,4.0,3.01
677,Guyana,GUY,AME,2014,30.0,124.0,4.0,3.03
678,Guyana,GUY,AME,2013,27.0,136.0,4.0,2.9
679,Guyana,GUY,AME,2012,28.0,133.0,4.0,2.1
680,Hong Kong,HKG,AP,2021,76.0,12.0,8.0,1.85
681,Hong Kong,HKG,AP,2020,77.0,11.0,8.0,1.79
682,Hong Kong,HKG,AP,2019,76.0,16.0,8.0,3.15
683,Hong Kong,HKG,AP,2018,76.0,14.0,8.0,2.47
684,Hong Kong,HKG,AP,2017,77.0,13.0,7.0,2.37
685,Hong Kong,HKG,AP,2016,77.0,15.0,7.0,2.62
686,Hong Kong,HKG,AP,2015,75.0,18.0,7.0,2.48
687,Hong Kong,HKG,AP,2014,74.0,17.0,7.0,2.75
688,Hong Kong,HKG,AP,2013,75.0,15.0,8.0,2.4
689,Hong Kong,HKG,AP,2012,77.0,14.0,8.0,1.9
690,Honduras,HND,AME,2021,23.0,157.0,8.0,0.85
691,Honduras,HND,AME,2020,24.0,157.0,7.0,1.52
692,Honduras,HND,AME,2019,26.0,146.0,7.0,3.25
693,Honduras,HND,AME,2018,29.0,132.0,8.0,2.42
694,Honduras,HND,AME,2017,29.0,135.0,8.0,2.32
695,Honduras,HND,AME,2016,30.0,123.0,7.0,3.05
696,Honduras,HND,AME,2015,31.0,111.0,7.0,4.12
697,Honduras,HND,AME,2014,29.0,126.0,6.0,3.49
698,Honduras,HND,AME,2013,26.0,140.0,6.0,2.5
699,Honduras,HND,AME,2012,28.0,133.0,6.0,2.4
700,Croatia,HRV,WE/EU,2021,47.0,63.0,10.0,1.56
701,Croatia,HRV,WE/EU,2020,47.0,63.0,10.0,1.48
702,Croatia,HRV,WE/EU,2019,47.0,63.0,10.0,2.42
703,Croatia,HRV,WE/EU,2018,48.0,60.0,10.0,2.77
704,Croatia,HRV,WE/EU,2017,49.0,57.0,10.0,2.64
705,Croatia,HRV,WE/EU,2016,49.0,55.0,9.0,2.39
706,Croatia,HRV,WE/EU,2015,51.0,50.0,9.0,2.02
707,Croatia,HRV,WE/EU,2014,48.0,61.0,9.0,3.25
708,Croatia,HRV,WE/EU,2013,48.0,57.0,9.0,3.3
709,Croatia,HRV,WE/EU,2012,46.0,62.0,8.0,3.1
710,Haiti,HTI,AME,2021,20.0,164.0,6.0,0.74
711,Haiti,HTI,AME,2020,18.0,170.0,6.0,2.47
712,Haiti,HTI,AME,2019,18.0,168.0,6.0,3.23
713,Haiti,HTI,AME,2018,20.0,161.0,6.0,2.47
714,Haiti,HTI,AME,2017,22.0,157.0,6.0,2.05
715,Haiti,HTI,AME,2016,20.0,159.0,5.0,1.81
716,Haiti,HTI,AME,2015,17.0,158.0,5.0,2.74
717,Haiti,HTI,AME,2014,19.0,161.0,5.0,2.86
718,Haiti,HTI,AME,2013,19.0,163.0,5.0,3.1
719,Haiti,HTI,AME,2012,19.0,165.0,5.0,2.8
720,Hungary,HUN,WE/EU,2021,43.0,73.0,10.0,1.3
721,Hungary,HUN,WE/EU,2020,44.0,69.0,10.0,1.27
722,Hungary,HUN,WE/EU,2019,44.0,70.0,10.0,2.58
723,Hungary,HUN,WE/EU,2018,46.0,64.0,10.0,2.79
724,Hungary,HUN,WE/EU,2017,45.0,66.0,10.0,2.89
725,Hungary,HUN,WE/EU,2016,48.0,57.0,9.0,2.89
726,Hungary,HUN,WE/EU,2015,51.0,50.0,9.0,3.73
727,Hungary,HUN,WE/EU,2014,54.0,48.0,9.0,3.45
728,Hungary,HUN,WE/EU,2013,54.0,47.0,10.0,3.6
729,Hungary,HUN,WE/EU,2012,55.0,46.0,10.0,3.5
730,Indonesia,IDN,AP,2021,38.0,96.0,9.0,2.14
731,Indonesia,IDN,AP,2020,37.0,102.0,9.0,1.71
732,Indonesia,IDN,AP,2019,40.0,85.0,9.0,3.76
733,Indonesia,IDN,AP,2018,38.0,89.0,9.0,3.35
734,Indonesia,IDN,AP,2017,37.0,96.0,9.0,3.12
735,Indonesia,IDN,AP,2016,37.0,90.0,8.0,2.39
736,Indonesia,IDN,AP,2015,36.0,88.0,8.0,3.39
737,Indonesia,IDN,AP,2014,34.0,107.0,8.0,3.57
738,Indonesia,IDN,AP,2013,32.0,114.0,9.0,3.5
739,Indonesia,IDN,AP,2012,32.0,118.0,9.0,2.9
740,India,IND,AP,2021,40.0,85.0,9.0,1.17
741,India,IND,AP,2020,40.0,86.0,9.0,1.14
742,India,IND,AP,2019,41.0,80.0,9.0,1.6
743,India,IND,AP,2018,41.0,78.0,9.0,2.42
744,India,IND,AP,2017,40.0,81.0,9.0,2.16
745,India,IND,AP,2016,40.0,79.0,8.0,2.47
746,India,IND,AP,2015,38.0,76.0,8.0,3.14
747,India,IND,AP,2014,38.0,85.0,9.0,2.27
748,India,IND,AP,2013,36.0,94.0,10.0,2.2
749,India,IND,AP,2012,36.0,94.0,10.0,2.1
750,Ireland,IRL,WE/EU,2021,74.0,13.0,8.0,0.68
751,Ireland,IRL,WE/EU,2020,72.0,20.0,7.0,2.15
752,Ireland,IRL,WE/EU,2019,74.0,18.0,7.0,3.61
753,Ireland,IRL,WE/EU,2018,73.0,18.0,7.0,3.25
754,Ireland,IRL,WE/EU,2017,74.0,19.0,7.0,3.68
755,Ireland,IRL,WE/EU,2016,73.0,19.0,6.0,4.31
756,Ireland,IRL,WE/EU,2015,75.0,18.0,6.0,4.92
757,Ireland,IRL,WE/EU,2014,74.0,17.0,6.0,4.75
758,Ireland,IRL,WE/EU,2013,72.0,21.0,6.0,4.2
759,Ireland,IRL,WE/EU,2012,69.0,25.0,6.0,3.5
760,Iran,IRN,MENA,2021,25.0,150.0,7.0,2.29
761,Iran,IRN,MENA,2020,25.0,149.0,7.0,2.56
762,Iran,IRN,MENA,2019,26.0,146.0,7.0,3.63
763,Iran,IRN,MENA,2018,28.0,138.0,7.0,2.89
764,Iran,IRN,MENA,2017,30.0,130.0,7.0,3.51
765,Iran,IRN,MENA,2016,29.0,131.0,7.0,2.47
766,Iran,IRN,MENA,2015,27.0,130.0,6.0,3.28
767,Iran,IRN,MENA,2014,27.0,136.0,6.0,4.72
768,Iran,IRN,MENA,2013,25.0,144.0,6.0,3.9
769,Iran,IRN,MENA,2012,28.0,133.0,6.0,4.6
770,Iraq,IRQ,MENA,2021,23.0,157.0,5.0,4.02
771,Iraq,IRQ,MENA,2020,21.0,160.0,5.0,2.52
772,Iraq,IRQ,MENA,2019,20.0,162.0,5.0,2.98
773,Iraq,IRQ,MENA,2018,18.0,168.0,5.0,2.63
774,Iraq,IRQ,MENA,2017,18.0,169.0,5.0,2.47
775,Iraq,IRQ,MENA,2016,17.0,166.0,5.0,1.87
776,Iraq,IRQ,MENA,2015,16.0,161.0,4.0,2.5
777,Iraq,IRQ,MENA,2014,16.0,170.0,4.0,2.37
778,Iraq,IRQ,MENA,2013,16.0,171.0,4.0,2.4
779,Iraq,IRQ,MENA,2012,18.0,169.0,4.0,2.3
780,Iceland,ISL,WE/EU,2021,74.0,13.0,7.0,3.7
781,Iceland,ISL,WE/EU,2020,75.0,17.0,7.0,3.86
782,Iceland,ISL,WE/EU,2019,78.0,11.0,7.0,4.63
783,Iceland,ISL,WE/EU,2018,76.0,14.0,7.0,4.33
784,Iceland,ISL,WE/EU,2017,77.0,13.0,7.0,4.38
785,Iceland,ISL,WE/EU,2016,78.0,14.0,6.0,3.81
786,Iceland,ISL,WE/EU,2015,79.0,13.0,5.0,4.53
787,Iceland,ISL,WE/EU,2014,79.0,12.0,6.0,3.16
788,Iceland,ISL,WE/EU,2013,78.0,12.0,6.0,2.8
789,Iceland,ISL,WE/EU,2012,82.0,11.0,6.0,4.1
790,Israel,ISR,MENA,2021,59.0,36.0,7.0,2.05
791,Israel,ISR,MENA,2020,60.0,35.0,7.0,1.34
792,Israel,ISR,MENA,2019,60.0,35.0,7.0,1.99
793,Israel,ISR,MENA,2018,61.0,34.0,7.0,1.49
794,Israel,ISR,MENA,2017,62.0,32.0,7.0,2.19
795,Israel,ISR,MENA,2016,64.0,28.0,6.0,2.27
796,Israel,ISR,MENA,2015,61.0,32.0,6.0,2.78
797,Israel,ISR,MENA,2014,60.0,38.0,6.0,2.34
798,Israel,ISR,MENA,2013,61.0,36.0,6.0,1.6
799,Israel,ISR,MENA,2012,60.0,39.0,5.0,2.9
800,Italy,ITA,WE/EU,2021,56.0,42.0,8.0,1.46
801,Italy,ITA,WE/EU,2020,53.0,52.0,8.0,2.11
802,Italy,ITA,WE/EU,2019,53.0,51.0,8.0,3.22
803,Italy,ITA,WE/EU,2018,52.0,53.0,8.0,3.29
804,Italy,ITA,WE/EU,2017,50.0,54.0,8.0,3.72
805,Italy,ITA,WE/EU,2016,47.0,60.0,7.0,3.34
806,Italy,ITA,WE/EU,2015,44.0,61.0,7.0,2.5
807,Italy,ITA,WE/EU,2014,43.0,69.0,7.0,2.26
808,Italy,ITA,WE/EU,2013,43.0,69.0,7.0,2.5
809,Italy,ITA,WE/EU,2012,42.0,72.0,7.0,2.4
810,Jamaica,JAM,AME,2021,44.0,70.0,6.0,3.66
811,Jamaica,JAM,AME,2020,44.0,69.0,7.0,3.34
812,Jamaica,JAM,AME,2019,43.0,74.0,7.0,3.58
813,Jamaica,JAM,AME,2018,44.0,70.0,7.0,3.37
814,Jamaica,JAM,AME,2017,44.0,68.0,7.0,3.96
815,Jamaica,JAM,AME,2016,39.0,83.0,6.0,1.84
816,Jamaica,JAM,AME,2015,41.0,69.0,6.0,1.68
817,Jamaica,JAM,AME,2014,38.0,85.0,6.0,1.8
818,Jamaica,JAM,AME,2013,38.0,83.0,6.0,1.8
819,Jamaica,JAM,AME,2012,38.0,83.0,6.0,2.2
820,Jordan,JOR,MENA,2021,49.0,58.0,8.0,2.65
821,Jordan,JOR,MENA,2020,49.0,60.0,8.0,2.2
822,Jordan,JOR,MENA,2019,48.0,60.0,8.0,3.29
823,Jordan,JOR,MENA,2018,49.0,58.0,8.0,3.21
824,Jordan,JOR,MENA,2017,48.0,59.0,8.0,2.99
825,Jordan,JOR,MENA,2016,48.0,57.0,8.0,3.03
826,Jordan,JOR,MENA,2015,53.0,45.0,7.0,3
827,Jordan,JOR,MENA,2014,49.0,55.0,7.0,2.87
828,Jordan,JOR,MENA,2013,45.0,66.0,7.0,2.4
829,Jordan,JOR,MENA,2012,48.0,58.0,7.0,3.1
830,Japan,JPN,AP,2021,73.0,18.0,9.0,2.1
831,Japan,JPN,AP,2020,74.0,19.0,9.0,2.02
832,Japan,JPN,AP,2019,73.0,20.0,9.0,3.51
833,Japan,JPN,AP,2018,73.0,18.0,9.0,2.85
834,Japan,JPN,AP,2017,73.0,20.0,9.0,2.66
835,Japan,JPN,AP,2016,72.0,20.0,8.0,3.02
836,Japan,JPN,AP,2015,75.0,18.0,8.0,2.96
837,Japan,JPN,AP,2014,76.0,15.0,8.0,3.16
838,Japan,JPN,AP,2013,74.0,18.0,9.0,2.4
839,Japan,JPN,AP,2012,74.0,17.0,9.0,2.3
840,Kazakhstan,KAZ,ECA,2021,37.0,102.0,9.0,3.33
841,Kazakhstan,KAZ,ECA,2020,38.0,94.0,9.0,3.12
842,Kazakhstan,KAZ,ECA,2019,34.0,113.0,9.0,4.18
843,Kazakhstan,KAZ,ECA,2018,31.0,124.0,9.0,3.6
844,Kazakhstan,KAZ,ECA,2017,31.0,122.0,9.0,3.59
845,Kazakhstan,KAZ,ECA,2016,29.0,131.0,9.0,3.35
846,Kazakhstan,KAZ,ECA,2015,28.0,123.0,8.0,4.9
847,Kazakhstan,KAZ,ECA,2014,29.0,126.0,8.0,4.4
848,Kazakhstan,KAZ,ECA,2013,26.0,140.0,8.0,3.3
849,Kazakhstan,KAZ,ECA,2012,28.0,133.0,8.0,4.1
850,Kenya,KEN,SSA,2021,30.0,128.0,9.0,1.32
851,Kenya,KEN,SSA,2020,31.0,124.0,9.0,1.49
852,Kenya,KEN,SSA,2019,28.0,137.0,9.0,2.17
853,Kenya,KEN,SSA,2018,27.0,144.0,9.0,1.82
854,Kenya,KEN,SSA,2017,28.0,143.0,9.0,1.94
855,Kenya,KEN,SSA,2016,26.0,145.0,9.0,1.72
856,Kenya,KEN,SSA,2015,25.0,139.0,8.0,3.02
857,Kenya,KEN,SSA,2014,25.0,145.0,8.0,2.98
858,Kenya,KEN,SSA,2013,27.0,136.0,8.0,2.7
859,Kenya,KEN,SSA,2012,27.0,139.0,8.0,2.2
860,Kyrgyzstan,KGZ,ECA,2021,27.0,144.0,7.0,1.16
861,Kyrgyzstan,KGZ,ECA,2020,31.0,124.0,7.0,1.28
862,Kyrgyzstan,KGZ,ECA,2019,30.0,126.0,7.0,2.54
863,Kyrgyzstan,KGZ,ECA,2018,29.0,132.0,7.0,2.37
864,Kyrgyzstan,KGZ,ECA,2017,29.0,135.0,7.0,2.59
865,Kyrgyzstan,KGZ,ECA,2016,28.0,136.0,7.0,2.08
866,Kyrgyzstan,KGZ,ECA,2015,28.0,123.0,6.0,2.29
867,Kyrgyzstan,KGZ,ECA,2014,27.0,136.0,6.0,2.35
868,Kyrgyzstan,KGZ,ECA,2013,24.0,150.0,6.0,2.3
869,Kyrgyzstan,KGZ,ECA,2012,24.0,154.0,6.0,1.8
870,Cambodia,KHM,AP,2021,23.0,157.0,8.0,2.84
871,Cambodia,KHM,AP,2020,21.0,160.0,8.0,2.32
872,Cambodia,KHM,AP,2019,20.0,162.0,8.0,3.41
873,Cambodia,KHM,AP,2018,20.0,161.0,8.0,2.58
874,Cambodia,KHM,AP,2017,21.0,161.0,8.0,2.43
875,Cambodia,KHM,AP,2016,21.0,156.0,8.0,2.82
876,Cambodia,KHM,AP,2015,21.0,150.0,7.0,3.87
877,Cambodia,KHM,AP,2014,21.0,156.0,7.0,2.25
878,Cambodia,KHM,AP,2013,20.0,160.0,7.0,3
879,Cambodia,KHM,AP,2012,22.0,157.0,7.0,3.1
880,"Korea, South",KOR,AP,2021,62.0,32.0,10.0,1.13
881,"Korea, South",KOR,AP,2020,61.0,33.0,10.0,1.11
882,"Korea, South",KOR,AP,2019,59.0,39.0,10.0,2.44
883,"Korea, South",KOR,AP,2018,57.0,45.0,10.0,2.74
884,"Korea, South",KOR,AP,2017,54.0,51.0,10.0,2.24
885,"Korea, South",KOR,AP,2016,53.0,52.0,9.0,2.33
886,"Korea, South",KOR,AP,2015,54.0,43.0,9.0,2.29
887,"Korea, South",KOR,AP,2014,55.0,44.0,9.0,2.64
888,"Korea, South",KOR,AP,2013,55.0,46.0,10.0,2.4
889,"Korea, South",KOR,AP,2012,56.0,45.0,10.0,2.4
890,Kosovo,KSV,ECA,2021,39.0,87.0,6.0,2.31
891,Kosovo,KSV,ECA,2020,36.0,104.0,6.0,0.68
892,Kosovo,KSV,ECA,2019,36.0,101.0,5.0,0.81
893,Kosovo,KSV,ECA,2018,37.0,93.0,5.0,1.49
894,Kosovo,KSV,ECA,2017,39.0,85.0,5.0,2.13
895,Kosovo,KSV,ECA,2016,36.0,95.0,5.0,3.17
896,Kosovo,KSV,ECA,2015,33.0,102.0,3.0,2.19
897,Kosovo,KSV,ECA,2014,33.0,110.0,3.0,2.33
898,Kosovo,KSV,ECA,2013,33.0,111.0,3.0,2.3
899,Kosovo,KSV,ECA,2012,34.0,105.0,3.0,1.5
900,Kuwait,KWT,MENA,2021,43.0,73.0,6.0,2
901,Kuwait,KWT,MENA,2020,42.0,78.0,6.0,1.88
902,Kuwait,KWT,MENA,2019,40.0,85.0,6.0,1.88
903,Kuwait,KWT,MENA,2018,41.0,78.0,6.0,3.47
904,Kuwait,KWT,MENA,2017,39.0,85.0,6.0,2.47
905,Kuwait,KWT,MENA,2016,41.0,75.0,5.0,2.67
906,Kuwait,KWT,MENA,2015,49.0,55.0,5.0,4.51
907,Kuwait,KWT,MENA,2014,44.0,67.0,5.0,5.24
908,Kuwait,KWT,MENA,2013,43.0,69.0,5.0,3.9
909,Kuwait,KWT,MENA,2012,44.0,66.0,5.0,3.9
910,Laos,LAO,AP,2021,30.0,128.0,5.0,3.21
911,Laos,LAO,AP,2020,29.0,134.0,5.0,3.95
912,Laos,LAO,AP,2019,29.0,130.0,5.0,5
913,Laos,LAO,AP,2018,29.0,132.0,5.0,5.7
914,Laos,LAO,AP,2017,29.0,135.0,5.0,5.89
915,Laos,LAO,AP,2016,30.0,123.0,4.0,6.19
916,Laos,LAO,AP,2015,25.0,139.0,4.0,5.31
917,Laos,LAO,AP,2014,25.0,145.0,4.0,3.8
918,Laos,LAO,AP,2013,26.0,140.0,4.0,5
919,Laos,LAO,AP,2012,21.0,160.0,3.0,1.3
920,Lebanon,LBN,MENA,2021,24.0,154.0,7.0,0.77
921,Lebanon,LBN,MENA,2020,25.0,149.0,7.0,1.15
922,Lebanon,LBN,MENA,2019,28.0,137.0,7.0,2.27
923,Lebanon,LBN,MENA,2018,28.0,138.0,7.0,2.28
924,Lebanon,LBN,MENA,2017,28.0,143.0,7.0,2.11
925,Lebanon,LBN,MENA,2016,28.0,136.0,7.0,2.5
926,Lebanon,LBN,MENA,2015,28.0,123.0,6.0,3.22
927,Lebanon,LBN,MENA,2014,27.0,136.0,6.0,3.37
928,Lebanon,LBN,MENA,2013,28.0,127.0,6.0,3.3
929,Lebanon,LBN,MENA,2012,30.0,128.0,6.0,2.3
930,Liberia,LBR,SSA,2021,29.0,136.0,8.0,1.7
931,Liberia,LBR,SSA,2020,28.0,137.0,7.0,2.01
932,Liberia,LBR,SSA,2019,28.0,137.0,7.0,2.67
933,Liberia,LBR,SSA,2018,32.0,120.0,8.0,3.31
934,Liberia,LBR,SSA,2017,31.0,122.0,8.0,3.24
935,Liberia,LBR,SSA,2016,37.0,90.0,7.0,3.43
936,Liberia,LBR,SSA,2015,37.0,83.0,7.0,4.22
937,Liberia,LBR,SSA,2014,37.0,94.0,6.0,3.09
938,Liberia,LBR,SSA,2013,38.0,83.0,7.0,3.3
939,Liberia,LBR,SSA,2012,41.0,75.0,7.0,3.9
940,Libya,LBY,MENA,2021,17.0,172.0,5.0,1.72
941,Libya,LBY,MENA,2020,17.0,173.0,5.0,1.72
942,Libya,LBY,MENA,2019,18.0,168.0,5.0,2.24
943,Libya,LBY,MENA,2018,17.0,170.0,5.0,2.57
944,Libya,LBY,MENA,2017,17.0,171.0,5.0,3.05
945,Libya,LBY,MENA,2016,14.0,170.0,4.0,2
946,Libya,LBY,MENA,2015,16.0,161.0,5.0,3.18
947,Libya,LBY,MENA,2014,18.0,166.0,5.0,2.81
948,Libya,LBY,MENA,2013,15.0,172.0,6.0,3.3
949,Libya,LBY,MENA,2012,21.0,160.0,6.0,4
950,Saint Lucia,LCA,AME,2021,56.0,42.0,3.0,4.03
951,Saint Lucia,LCA,AME,2020,56.0,45.0,3.0,4.17
952,Saint Lucia,LCA,AME,2019,55.0,48.0,3.0,4.15
953,Saint Lucia,LCA,AME,2018,55.0,50.0,3.0,4.27
954,Saint Lucia,LCA,AME,2017,55.0,48.0,3.0,4.27
955,Saint Lucia,LCA,AME,2016,60.0,35.0,3.0,6.8
956,Saint Lucia,LCA,AME,2015,,,,
957,Saint Lucia,LCA,AME,2014,71.0,24.0,3.0,0.84
958,Saint Lucia,LCA,AME,2013,71.0,22.0,3.0,0.8
959,Saint Lucia,LCA,AME,2012,71.0,22.0,3.0,0.8
960,Sri Lanka,LKA,AP,2021,37.0,102.0,7.0,0.99
961,Sri Lanka,LKA,AP,2020,38.0,94.0,8.0,1.17
962,Sri Lanka,LKA,AP,2019,38.0,93.0,7.0,2.11
963,Sri Lanka,LKA,AP,2018,38.0,89.0,7.0,1.85
964,Sri Lanka,LKA,AP,2017,38.0,91.0,7.0,1.82
965,Sri Lanka,LKA,AP,2016,36.0,95.0,7.0,1.64
966,Sri Lanka,LKA,AP,2015,37.0,83.0,7.0,2.09
967,Sri Lanka,LKA,AP,2014,38.0,85.0,7.0,2.18
968,Sri Lanka,LKA,AP,2013,37.0,91.0,7.0,2.1
969,Sri Lanka,LKA,AP,2012,40.0,79.0,7.0,1.3
970,Lesotho,LSO,SSA,2021,38.0,96.0,6.0,4
971,Lesotho,LSO,SSA,2020,41.0,83.0,6.0,3.24
972,Lesotho,LSO,SSA,2019,40.0,85.0,6.0,3.95
973,Lesotho,LSO,SSA,2018,41.0,78.0,6.0,3.67
974,Lesotho,LSO,SSA,2017,42.0,74.0,6.0,4.08
975,Lesotho,LSO,SSA,2016,39.0,83.0,5.0,6.15
976,Lesotho,LSO,SSA,2015,44.0,61.0,5.0,4.99
977,Lesotho,LSO,SSA,2014,49.0,55.0,5.0,3.55
978,Lesotho,LSO,SSA,2013,49.0,55.0,5.0,3.6
979,Lesotho,LSO,SSA,2012,45.0,64.0,5.0,4.6
980,Lithuania,LTU,WE/EU,2021,61.0,34.0,10.0,1.18
981,Lithuania,LTU,WE/EU,2020,60.0,35.0,9.0,1.34
982,Lithuania,LTU,WE/EU,2019,60.0,35.0,9.0,2.32
983,Lithuania,LTU,WE/EU,2018,59.0,38.0,9.0,2.3
984,Lithuania,LTU,WE/EU,2017,59.0,38.0,9.0,2.21
985,Lithuania,LTU,WE/EU,2016,59.0,38.0,9.0,1.36
986,Lithuania,LTU,WE/EU,2015,59.0,36.0,8.0,1.92
987,Lithuania,LTU,WE/EU,2014,58.0,40.0,8.0,3.85
988,Lithuania,LTU,WE/EU,2013,57.0,43.0,8.0,3.8
989,Lithuania,LTU,WE/EU,2012,54.0,48.0,7.0,5.3
990,Luxembourg,LUX,WE/EU,2021,81.0,9.0,8.0,0.96
991,Luxembourg,LUX,WE/EU,2020,80.0,9.0,7.0,1.5
992,Luxembourg,LUX,WE/EU,2019,80.0,9.0,7.0,1.95
993,Luxembourg,LUX,WE/EU,2018,81.0,9.0,7.0,2.32
994,Luxembourg,LUX,WE/EU,2017,82.0,8.0,6.0,2.08
995,Luxembourg,LUX,WE/EU,2016,81.0,10.0,6.0,1.96
996,Luxembourg,LUX,WE/EU,2015,85.0,7.0,5.0,1.6
997,Luxembourg,LUX,WE/EU,2014,82.0,9.0,6.0,2.78
998,Luxembourg,LUX,WE/EU,2013,80.0,11.0,6.0,2.9
999,Luxembourg,LUX,WE/EU,2012,80.0,12.0,6.0,2.8
1000,Latvia,LVA,WE/EU,2021,59.0,36.0,10.0,1.32
1001,Latvia,LVA,WE/EU,2020,57.0,42.0,9.0,1.92
1002,Latvia,LVA,WE/EU,2019,56.0,44.0,9.0,3.53
1003,Latvia,LVA,WE/EU,2018,58.0,41.0,9.0,2.95
1004,Latvia,LVA,WE/EU,2017,58.0,40.0,9.0,3.21
1005,Latvia,LVA,WE/EU,2016,57.0,44.0,9.0,2.96
1006,Latvia,LVA,WE/EU,2015,56.0,38.0,8.0,2.76
1007,Latvia,LVA,WE/EU,2014,55.0,44.0,8.0,3.35
1008,Latvia,LVA,WE/EU,2013,53.0,49.0,8.0,3.6
1009,Latvia,LVA,WE/EU,2012,49.0,54.0,6.0,4
1010,Morocco,MAR,MENA,2021,39.0,87.0,6.0,2.47
1011,Morocco,MAR,MENA,2020,40.0,86.0,7.0,2.22
1012,Morocco,MAR,MENA,2019,41.0,80.0,7.0,3.15
1013,Morocco,MAR,MENA,2018,43.0,73.0,7.0,3.68
1014,Morocco,MAR,MENA,2017,40.0,81.0,7.0,2.6
1015,Morocco,MAR,MENA,2016,37.0,90.0,7.0,1.74
1016,Morocco,MAR,MENA,2015,36.0,88.0,6.0,3.85
1017,Morocco,MAR,MENA,2014,39.0,80.0,6.0,3.57
1018,Morocco,MAR,MENA,2013,37.0,91.0,8.0,2.9
1019,Morocco,MAR,MENA,2012,37.0,88.0,8.0,3.2
1020,Moldova,MDA,ECA,2021,36.0,105.0,7.0,1.34
1021,Moldova,MDA,ECA,2020,34.0,115.0,9.0,1.24
1022,Moldova,MDA,ECA,2019,32.0,120.0,9.0,2.4
1023,Moldova,MDA,ECA,2018,33.0,117.0,9.0,2.13
1024,Moldova,MDA,ECA,2017,31.0,122.0,9.0,1.54
1025,Moldova,MDA,ECA,2016,30.0,123.0,9.0,2.18
1026,Moldova,MDA,ECA,2015,33.0,102.0,8.0,2.88
1027,Moldova,MDA,ECA,2014,35.0,103.0,8.0,2.7
1028,Moldova,MDA,ECA,2013,35.0,102.0,8.0,2.8
1029,Moldova,MDA,ECA,2012,36.0,94.0,8.0,2.6
1030,Madagascar,MDG,SSA,2021,26.0,147.0,7.0,1.69
1031,Madagascar,MDG,SSA,2020,25.0,149.0,8.0,1.51
1032,Madagascar,MDG,SSA,2019,24.0,158.0,8.0,2.48
1033,Madagascar,MDG,SSA,2018,25.0,152.0,7.0,2.64
1034,Madagascar,MDG,SSA,2017,24.0,155.0,8.0,2.72
1035,Madagascar,MDG,SSA,2016,26.0,145.0,7.0,2.88
1036,Madagascar,MDG,SSA,2015,28.0,123.0,7.0,2.99
1037,Madagascar,MDG,SSA,2014,28.0,133.0,8.0,3.38
1038,Madagascar,MDG,SSA,2013,28.0,127.0,8.0,1.9
1039,Madagascar,MDG,SSA,2012,32.0,118.0,8.0,3.2
1040,Maldives,MDV,AP,2021,40.0,85.0,3.0,4.39
1041,Maldives,MDV,AP,2020,43.0,75.0,3.0,7.69
1042,Maldives,MDV,AP,2019,29.0,130.0,3.0,2.57
1043,Maldives,MDV,AP,2018,31.0,124.0,3.0,2.24
1044,Maldives,MDV,AP,2017,33.0,112.0,3.0,1.71
1045,Maldives,MDV,AP,2016,36.0,95.0,3.0,5.66
1046,Maldives,MDV,AP,2015,,,,
1047,Maldives,MDV,AP,2014,,,,
1048,Maldives,MDV,AP,2013,,,,
1049,Maldives,MDV,AP,2012,,,,
1050,Mexico,MEX,AME,2021,31.0,124.0,9.0,1.43
1051,Mexico,MEX,AME,2020,31.0,124.0,9.0,1.38
1052,Mexico,MEX,AME,2019,29.0,130.0,9.0,1.73
1053,Mexico,MEX,AME,2018,28.0,138.0,9.0,1.83
1054,Mexico,MEX,AME,2017,29.0,135.0,9.0,1.69
1055,Mexico,MEX,AME,2016,30.0,123.0,8.0,1.56
1056,Mexico,MEX,AME,2015,31.0,111.0,8.0,3.02
1057,Mexico,MEX,AME,2014,35.0,103.0,8.0,1.66
1058,Mexico,MEX,AME,2013,34.0,106.0,9.0,1.8
1059,Mexico,MEX,AME,2012,34.0,105.0,9.0,1.7
1060,North Macedonia,MKD,ECA,2021,39.0,87.0,7.0,1.66
1061,North Macedonia,MKD,ECA,2020,35.0,111.0,7.0,2.44
1062,North Macedonia,MKD,ECA,2019,35.0,106.0,7.0,3.56
1063,North Macedonia,MKD,ECA,2018,37.0,93.0,7.0,3.38
1064,North Macedonia,MKD,ECA,2017,35.0,107.0,6.0,4.49
1065,North Macedonia,MKD,ECA,2016,37.0,90.0,7.0,4.97
1066,North Macedonia,MKD,ECA,2015,42.0,66.0,6.0,5.27
1067,North Macedonia,MKD,ECA,2014,45.0,64.0,6.0,5.92
1068,North Macedonia,MKD,ECA,2013,44.0,67.0,6.0,5
1069,North Macedonia,MKD,ECA,2012,43.0,69.0,6.0,4.7
1070,Mali,MLI,SSA,2021,29.0,136.0,8.0,1.46
1071,Mali,MLI,SSA,2020,30.0,129.0,8.0,1.5
1072,Mali,MLI,SSA,2019,29.0,130.0,8.0,2.62
1073,Mali,MLI,SSA,2018,32.0,120.0,7.0,1.38
1074,Mali,MLI,SSA,2017,31.0,122.0,7.0,2.08
1075,Mali,MLI,SSA,2016,32.0,116.0,6.0,1.75
1076,Mali,MLI,SSA,2015,35.0,95.0,6.0,1.89
1077,Mali,MLI,SSA,2014,32.0,115.0,6.0,3.37
1078,Mali,MLI,SSA,2013,28.0,127.0,6.0,3.3
1079,Mali,MLI,SSA,2012,34.0,105.0,6.0,4
1080,Malta,MLT,WE/EU,2021,54.0,49.0,7.0,1.73
1081,Malta,MLT,WE/EU,2020,53.0,52.0,6.0,1.42
1082,Malta,MLT,WE/EU,2019,54.0,50.0,6.0,1.55
1083,Malta,MLT,WE/EU,2018,54.0,51.0,5.0,1.39
1084,Malta,MLT,WE/EU,2017,56.0,46.0,5.0,1.18
1085,Malta,MLT,WE/EU,2016,55.0,47.0,5.0,1.39
1086,Malta,MLT,WE/EU,2015,60.0,34.0,4.0,1.32
1087,Malta,MLT,WE/EU,2014,55.0,44.0,5.0,2.63
1088,Malta,MLT,WE/EU,2013,56.0,45.0,5.0,2.4
1089,Malta,MLT,WE/EU,2012,57.0,43.0,4.0,2.4
1090,Myanmar,MMR,AP,2021,28.0,140.0,7.0,2.78
1091,Myanmar,MMR,AP,2020,28.0,137.0,7.0,2.65
1092,Myanmar,MMR,AP,2019,29.0,130.0,7.0,4.21
1093,Myanmar,MMR,AP,2018,29.0,132.0,7.0,3.94
1094,Myanmar,MMR,AP,2017,30.0,130.0,7.0,3.91
1095,Myanmar,MMR,AP,2016,28.0,136.0,8.0,3.69
1096,Myanmar,MMR,AP,2015,22.0,147.0,7.0,2.82
1097,Myanmar,MMR,AP,2014,21.0,156.0,7.0,2.87
1098,Myanmar,MMR,AP,2013,21.0,157.0,6.0,3.9
1099,Myanmar,MMR,AP,2012,15.0,172.0,4.0,3.7
1100,Montenegro,MNE,ECA,2021,46.0,64.0,5.0,2.13
1101,Montenegro,MNE,ECA,2020,45.0,67.0,5.0,3.25
1102,Montenegro,MNE,ECA,2019,45.0,66.0,5.0,4.84
1103,Montenegro,MNE,ECA,2018,45.0,67.0,5.0,4.43
1104,Montenegro,MNE,ECA,2017,46.0,64.0,5.0,2.45
1105,Montenegro,MNE,ECA,2016,45.0,64.0,4.0,2.89
1106,Montenegro,MNE,ECA,2015,44.0,61.0,4.0,4.87
1107,Montenegro,MNE,ECA,2014,42.0,76.0,4.0,4.25
1108,Montenegro,MNE,ECA,2013,44.0,67.0,4.0,2.2
1109,Montenegro,MNE,ECA,2012,41.0,75.0,4.0,4.5
1110,Mongolia,MNG,AP,2021,35.0,110.0,8.0,0.57
1111,Mongolia,MNG,AP,2020,35.0,111.0,9.0,0.71
1112,Mongolia,MNG,AP,2019,35.0,106.0,9.0,1.89
1113,Mongolia,MNG,AP,2018,37.0,93.0,9.0,1.94
1114,Mongolia,MNG,AP,2017,36.0,103.0,9.0,1.4
1115,Mongolia,MNG,AP,2016,38.0,87.0,9.0,1.7
1116,Mongolia,MNG,AP,2015,39.0,72.0,8.0,1.76
1117,Mongolia,MNG,AP,2014,39.0,80.0,7.0,2.13
1118,Mongolia,MNG,AP,2013,38.0,83.0,7.0,2.2
1119,Mongolia,MNG,AP,2012,36.0,94.0,7.0,2.6
1120,Mozambique,MOZ,SSA,2021,26.0,147.0,8.0,1.99
1121,Mozambique,MOZ,SSA,2020,25.0,149.0,9.0,1.6
1122,Mozambique,MOZ,SSA,2019,26.0,146.0,9.0,2.98
1123,Mozambique,MOZ,SSA,2018,23.0,158.0,8.0,2.64
1124,Mozambique,MOZ,SSA,2017,25.0,153.0,8.0,2.87
1125,Mozambique,MOZ,SSA,2016,27.0,142.0,8.0,2.57
1126,Mozambique,MOZ,SSA,2015,31.0,111.0,7.0,1.97
1127,Mozambique,MOZ,SSA,2014,31.0,119.0,7.0,1.89
1128,Mozambique,MOZ,SSA,2013,30.0,119.0,7.0,2
1129,Mozambique,MOZ,SSA,2012,31.0,123.0,7.0,1.6
1130,Mauritania,MRT,SSA,2021,28.0,140.0,7.0,1.85
1131,Mauritania,MRT,SSA,2020,29.0,134.0,6.0,1.6
1132,Mauritania,MRT,SSA,2019,28.0,137.0,6.0,2.73
1133,Mauritania,MRT,SSA,2018,27.0,144.0,6.0,2.95
1134,Mauritania,MRT,SSA,2017,28.0,143.0,6.0,2.41
1135,Mauritania,MRT,SSA,2016,27.0,142.0,5.0,3.62
1136,Mauritania,MRT,SSA,2015,31.0,111.0,5.0,5.07
1137,Mauritania,MRT,SSA,2014,30.0,124.0,5.0,4.23
1138,Mauritania,MRT,SSA,2013,30.0,119.0,5.0,4.1
1139,Mauritania,MRT,SSA,2012,31.0,123.0,5.0,3.5
1140,Mauritius,MUS,SSA,2021,54.0,49.0,6.0,1.6
1141,Mauritius,MUS,SSA,2020,53.0,52.0,6.0,1.54
1142,Mauritius,MUS,SSA,2019,52.0,56.0,6.0,3.12
1143,Mauritius,MUS,SSA,2018,51.0,56.0,5.0,3.83
1144,Mauritius,MUS,SSA,2017,50.0,54.0,5.0,4.41
1145,Mauritius,MUS,SSA,2016,54.0,50.0,4.0,2.14
1146,Mauritius,MUS,SSA,2015,53.0,45.0,4.0,1.49
1147,Mauritius,MUS,SSA,2014,54.0,48.0,4.0,2.39
1148,Mauritius,MUS,SSA,2013,52.0,52.0,5.0,1.1
1149,Mauritius,MUS,SSA,2012,57.0,43.0,5.0,3.5
1150,Malawi,MWI,SSA,2021,35.0,110.0,9.0,1.69
1151,Malawi,MWI,SSA,2020,30.0,129.0,9.0,1.16
1152,Malawi,MWI,SSA,2019,31.0,123.0,9.0,1.78
1153,Malawi,MWI,SSA,2018,32.0,120.0,9.0,2.61
1154,Malawi,MWI,SSA,2017,31.0,122.0,9.0,1.85
1155,Malawi,MWI,SSA,2016,31.0,120.0,9.0,2.11
1156,Malawi,MWI,SSA,2015,31.0,111.0,8.0,2.41
1157,Malawi,MWI,SSA,2014,33.0,110.0,8.0,3.03
1158,Malawi,MWI,SSA,2013,37.0,91.0,8.0,1.7
1159,Malawi,MWI,SSA,2012,37.0,88.0,8.0,1.5
1160,Malaysia,MYS,AP,2021,48.0,62.0,9.0,1.32
1161,Malaysia,MYS,AP,2020,51.0,57.0,9.0,1.62
1162,Malaysia,MYS,AP,2019,53.0,51.0,9.0,2.29
1163,Malaysia,MYS,AP,2018,47.0,61.0,9.0,2.86
1164,Malaysia,MYS,AP,2017,47.0,62.0,9.0,2.67
1165,Malaysia,MYS,AP,2016,49.0,55.0,8.0,2.46
1166,Malaysia,MYS,AP,2015,50.0,54.0,8.0,3
1167,Malaysia,MYS,AP,2014,52.0,51.0,8.0,2.88
1168,Malaysia,MYS,AP,2013,50.0,53.0,9.0,3.4
1169,Malaysia,MYS,AP,2012,49.0,54.0,9.0,3.4
1170,Namibia,NAM,SSA,2021,49.0,58.0,7.0,2.61
1171,Namibia,NAM,SSA,2020,51.0,57.0,7.0,1.88
1172,Namibia,NAM,SSA,2019,52.0,56.0,7.0,3.13
1173,Namibia,NAM,SSA,2018,53.0,52.0,6.0,3.72
1174,Namibia,NAM,SSA,2017,51.0,53.0,6.0,3.22
1175,Namibia,NAM,SSA,2016,52.0,53.0,5.0,2.03
1176,Namibia,NAM,SSA,2015,53.0,45.0,5.0,2.75
1177,Namibia,NAM,SSA,2014,49.0,55.0,5.0,4
1178,Namibia,NAM,SSA,2013,48.0,57.0,6.0,3.4
1179,Namibia,NAM,SSA,2012,48.0,58.0,6.0,3.5
1180,Niger,NER,SSA,2021,31.0,124.0,7.0,1.35
1181,Niger,NER,SSA,2020,32.0,123.0,7.0,1.2
1182,Niger,NER,SSA,2019,32.0,120.0,7.0,1.72
1183,Niger,NER,SSA,2018,34.0,114.0,6.0,2.98
1184,Niger,NER,SSA,2017,33.0,112.0,6.0,3.27
1185,Niger,NER,SSA,2016,35.0,101.0,5.0,3.25
1186,Niger,NER,SSA,2015,34.0,98.0,5.0,4.16
1187,Niger,NER,SSA,2014,35.0,103.0,5.0,3.99
1188,Niger,NER,SSA,2013,34.0,106.0,5.0,3.7
1189,Niger,NER,SSA,2012,33.0,113.0,5.0,3.1
1190,Nigeria,NGA,SSA,2021,24.0,154.0,8.0,1.57
1191,Nigeria,NGA,SSA,2020,25.0,149.0,8.0,1.45
1192,Nigeria,NGA,SSA,2019,26.0,146.0,8.0,1.87
1193,Nigeria,NGA,SSA,2018,27.0,144.0,9.0,2.03
1194,Nigeria,NGA,SSA,2017,27.0,148.0,9.0,1.97
1195,Nigeria,NGA,SSA,2016,28.0,136.0,9.0,1.98
1196,Nigeria,NGA,SSA,2015,26.0,136.0,8.0,2.24
1197,Nigeria,NGA,SSA,2014,27.0,136.0,8.0,2.82
1198,Nigeria,NGA,SSA,2013,25.0,144.0,9.0,3.1
1199,Nigeria,NGA,SSA,2012,27.0,139.0,9.0,2.7
1200,Nicaragua,NIC,AME,2021,20.0,164.0,8.0,0.97
1201,Nicaragua,NIC,AME,2020,22.0,159.0,7.0,0.9
1202,Nicaragua,NIC,AME,2019,22.0,161.0,7.0,1.16
1203,Nicaragua,NIC,AME,2018,25.0,152.0,8.0,1.13
1204,Nicaragua,NIC,AME,2017,26.0,151.0,8.0,1.29
1205,Nicaragua,NIC,AME,2016,26.0,145.0,7.0,1.98
1206,Nicaragua,NIC,AME,2015,27.0,130.0,7.0,2.5
1207,Nicaragua,NIC,AME,2014,28.0,133.0,7.0,2.03
1208,Nicaragua,NIC,AME,2013,28.0,127.0,7.0,2.4
1209,Nicaragua,NIC,AME,2012,29.0,130.0,7.0,2.1
1210,Netherlands,NLD,WE/EU,2021,82.0,8.0,8.0,1.36
1211,Netherlands,NLD,WE/EU,2020,82.0,8.0,8.0,1.44
1212,Netherlands,NLD,WE/EU,2019,82.0,8.0,8.0,2.25
1213,Netherlands,NLD,WE/EU,2018,82.0,8.0,8.0,2.3
1214,Netherlands,NLD,WE/EU,2017,82.0,8.0,8.0,2.23
1215,Netherlands,NLD,WE/EU,2016,83.0,8.0,7.0,2.32
1216,Netherlands,NLD,WE/EU,2015,84.0,9.0,7.0,1.98
1217,Netherlands,NLD,WE/EU,2014,83.0,8.0,7.0,1.97
1218,Netherlands,NLD,WE/EU,2013,83.0,8.0,7.0,2
1219,Netherlands,NLD,WE/EU,2012,84.0,9.0,7.0,2
1220,Norway,NOR,WE/EU,2021,85.0,4.0,7.0,1.07
1221,Norway,NOR,WE/EU,2020,84.0,7.0,7.0,1.26
1222,Norway,NOR,WE/EU,2019,84.0,7.0,7.0,1.65
1223,Norway,NOR,WE/EU,2018,84.0,7.0,8.0,2.14
1224,Norway,NOR,WE/EU,2017,85.0,3.0,8.0,1.83
1225,Norway,NOR,WE/EU,2016,85.0,6.0,7.0,1.85
1226,Norway,NOR,WE/EU,2015,88.0,5.0,7.0,2.24
1227,Norway,NOR,WE/EU,2014,86.0,5.0,7.0,2.38
1228,Norway,NOR,WE/EU,2013,86.0,5.0,7.0,2.3
1229,Norway,NOR,WE/EU,2012,85.0,7.0,7.0,1.6
1230,Nepal,NPL,AP,2021,33.0,117.0,6.0,0.54
1231,Nepal,NPL,AP,2020,33.0,117.0,6.0,1.35
1232,Nepal,NPL,AP,2019,34.0,113.0,6.0,1.76
1233,Nepal,NPL,AP,2018,31.0,124.0,6.0,1.85
1234,Nepal,NPL,AP,2017,31.0,122.0,6.0,2
1235,Nepal,NPL,AP,2016,29.0,131.0,6.0,2.33
1236,Nepal,NPL,AP,2015,27.0,130.0,5.0,2.73
1237,Nepal,NPL,AP,2014,29.0,126.0,5.0,2.2
1238,Nepal,NPL,AP,2013,31.0,116.0,5.0,1.4
1239,Nepal,NPL,AP,2012,27.0,139.0,5.0,2.4
1240,New Zealand,NZL,AP,2021,88.0,1.0,8.0,1.43
1241,New Zealand,NZL,AP,2020,88.0,1.0,8.0,1.48
1242,New Zealand,NZL,AP,2019,87.0,1.0,8.0,2.29
1243,New Zealand,NZL,AP,2018,87.0,2.0,8.0,2.44
1244,New Zealand,NZL,AP,2017,89.0,1.0,8.0,2.4
1245,New Zealand,NZL,AP,2016,90.0,1.0,7.0,2.56
1246,New Zealand,NZL,AP,2015,91.0,1.0,7.0,2.32
1247,New Zealand,NZL,AP,2014,91.0,2.0,7.0,2.28
1248,New Zealand,NZL,AP,2013,91.0,1.0,7.0,2.3
1249,New Zealand,NZL,AP,2012,90.0,1.0,7.0,2.2
1250,Oman,OMN,MENA,2021,52.0,56.0,6.0,7.12
1251,Oman,OMN,MENA,2020,54.0,49.0,6.0,7.47
1252,Oman,OMN,MENA,2019,52.0,56.0,6.0,9.78
1253,Oman,OMN,MENA,2018,52.0,53.0,6.0,9.46
1254,Oman,OMN,MENA,2017,44.0,68.0,5.0,7
1255,Oman,OMN,MENA,2016,45.0,64.0,5.0,7.07
1256,Oman,OMN,MENA,2015,45.0,60.0,5.0,6.69
1257,Oman,OMN,MENA,2014,45.0,64.0,5.0,6.55
1258,Oman,OMN,MENA,2013,47.0,61.0,5.0,7.8
1259,Oman,OMN,MENA,2012,47.0,61.0,5.0,7.6
1260,Pakistan,PAK,AP,2021,28.0,140.0,8.0,1.87
1261,Pakistan,PAK,AP,2020,31.0,124.0,8.0,1.8
1262,Pakistan,PAK,AP,2019,32.0,120.0,8.0,2.46
1263,Pakistan,PAK,AP,2018,33.0,117.0,8.0,2.06
1264,Pakistan,PAK,AP,2017,32.0,117.0,8.0,2.11
1265,Pakistan,PAK,AP,2016,32.0,116.0,7.0,2.12
1266,Pakistan,PAK,AP,2015,30.0,117.0,7.0,3.12
1267,Pakistan,PAK,AP,2014,29.0,126.0,7.0,3.24
1268,Pakistan,PAK,AP,2013,28.0,127.0,8.0,3
1269,Pakistan,PAK,AP,2012,27.0,139.0,8.0,2.3
1270,Panama,PAN,AME,2021,36.0,105.0,7.0,1.02
1271,Panama,PAN,AME,2020,35.0,111.0,7.0,0.77
1272,Panama,PAN,AME,2019,36.0,101.0,7.0,1.37
1273,Panama,PAN,AME,2018,37.0,93.0,7.0,1.76
1274,Panama,PAN,AME,2017,37.0,96.0,7.0,1.79
1275,Panama,PAN,AME,2016,38.0,87.0,6.0,2.29
1276,Panama,PAN,AME,2015,39.0,72.0,6.0,3.01
1277,Panama,PAN,AME,2014,37.0,94.0,6.0,3.49
1278,Panama,PAN,AME,2013,35.0,102.0,6.0,2.2
1279,Panama,PAN,AME,2012,38.0,83.0,6.0,3.1
1280,Peru,PER,AME,2021,36.0,105.0,8.0,1.84
1281,Peru,PER,AME,2020,38.0,94.0,8.0,1.98
1282,Peru,PER,AME,2019,36.0,101.0,8.0,3.07
1283,Peru,PER,AME,2018,35.0,105.0,8.0,3.1
1284,Peru,PER,AME,2017,37.0,96.0,8.0,3.35
1285,Peru,PER,AME,2016,35.0,101.0,7.0,2.04
1286,Peru,PER,AME,2015,36.0,88.0,7.0,3.05
1287,Peru,PER,AME,2014,38.0,85.0,7.0,2.63
1288,Peru,PER,AME,2013,38.0,83.0,7.0,2.5
1289,Peru,PER,AME,2012,38.0,83.0,7.0,2.1
1290,Philippines,PHL,AP,2021,33.0,117.0,9.0,0.94
1291,Philippines,PHL,AP,2020,34.0,115.0,9.0,0.92
1292,Philippines,PHL,AP,2019,34.0,113.0,9.0,1.59
1293,Philippines,PHL,AP,2018,36.0,99.0,9.0,1.55
1294,Philippines,PHL,AP,2017,34.0,111.0,9.0,1.9
1295,Philippines,PHL,AP,2016,35.0,101.0,9.0,1.58
1296,Philippines,PHL,AP,2015,35.0,95.0,8.0,1.92
1297,Philippines,PHL,AP,2014,38.0,85.0,8.0,1.84
1298,Philippines,PHL,AP,2013,36.0,94.0,9.0,2.5
1299,Philippines,PHL,AP,2012,34.0,105.0,9.0,2.2
1300,Papua New Guinea,PNG,AP,2021,31.0,124.0,6.0,2.26
1301,Papua New Guinea,PNG,AP,2020,27.0,142.0,6.0,1.62
1302,Papua New Guinea,PNG,AP,2019,28.0,137.0,6.0,2.38
1303,Papua New Guinea,PNG,AP,2018,28.0,138.0,6.0,2.47
1304,Papua New Guinea,PNG,AP,2017,29.0,135.0,6.0,2.55
1305,Papua New Guinea,PNG,AP,2016,28.0,136.0,5.0,3.01
1306,Papua New Guinea,PNG,AP,2015,25.0,139.0,5.0,4.22
1307,Papua New Guinea,PNG,AP,2014,25.0,145.0,5.0,4.16
1308,Papua New Guinea,PNG,AP,2013,25.0,144.0,5.0,4.2
1309,Papua New Guinea,PNG,AP,2012,25.0,150.0,5.0,4.2
1310,Poland,POL,WE/EU,2021,56.0,42.0,10.0,1.22
1311,Poland,POL,WE/EU,2020,56.0,45.0,10.0,1.39
1312,Poland,POL,WE/EU,2019,58.0,41.0,10.0,1.85
1313,Poland,POL,WE/EU,2018,60.0,36.0,10.0,1.69
1314,Poland,POL,WE/EU,2017,60.0,36.0,10.0,1.36
1315,Poland,POL,WE/EU,2016,62.0,29.0,10.0,1.77
1316,Poland,POL,WE/EU,2015,63.0,29.0,9.0,2.59
1317,Poland,POL,WE/EU,2014,61.0,36.0,9.0,2.7
1318,Poland,POL,WE/EU,2013,60.0,38.0,10.0,2.3
1319,Poland,POL,WE/EU,2012,58.0,41.0,10.0,2
1320,Puerto Rico,PRI,AME,2021,,,,
1321,Puerto Rico,PRI,AME,2020,,,,
1322,Puerto Rico,PRI,AME,2019,,,,
1323,Puerto Rico,PRI,AME,2018,,,,
1324,Puerto Rico,PRI,AME,2017,,,,
1325,Puerto Rico,PRI,AME,2016,,,,
1326,Puerto Rico,PRI,AME,2015,,,,
1327,Puerto Rico,PRI,AME,2014,63.0,31.0,3.0,4.37
1328,Puerto Rico,PRI,AME,2013,62.0,33.0,3.0,6
1329,Puerto Rico,PRI,AME,2012,63.0,33.0,3.0,4.9
1330,"Korea, North",PRK,AP,2021,16.0,174.0,4.0,2.57
1331,"Korea, North",PRK,AP,2020,18.0,170.0,4.0,3.46
1332,"Korea, North",PRK,AP,2019,17.0,172.0,4.0,3.16
1333,"Korea, North",PRK,AP,2018,14.0,176.0,4.0,1.39
1334,"Korea, North",PRK,AP,2017,17.0,171.0,4.0,4.18
1335,"Korea, North",PRK,AP,2016,12.0,174.0,3.0,1.39
1336,"Korea, North",PRK,AP,2015,8.0,167.0,3.0,3.38
1337,"Korea, North",PRK,AP,2014,8.0,174.0,3.0,3.35
1338,"Korea, North",PRK,AP,2013,8.0,175.0,3.0,3.4
1339,"Korea, North",PRK,AP,2012,8.0,174.0,3.0,3.4
1340,Portugal,PRT,WE/EU,2021,62.0,32.0,8.0,1.84
1341,Portugal,PRT,WE/EU,2020,61.0,33.0,8.0,1.73
1342,Portugal,PRT,WE/EU,2019,62.0,30.0,8.0,2.82
1343,Portugal,PRT,WE/EU,2018,64.0,30.0,8.0,2.14
1344,Portugal,PRT,WE/EU,2017,63.0,29.0,8.0,2.56
1345,Portugal,PRT,WE/EU,2016,62.0,29.0,8.0,2.58
1346,Portugal,PRT,WE/EU,2015,64.0,28.0,7.0,2.5
1347,Portugal,PRT,WE/EU,2014,63.0,31.0,7.0,3.36
1348,Portugal,PRT,WE/EU,2013,62.0,33.0,7.0,3
1349,Portugal,PRT,WE/EU,2012,63.0,33.0,7.0,2.5
1350,Paraguay,PRY,AME,2021,30.0,128.0,7.0,1.4
1351,Paraguay,PRY,AME,2020,28.0,137.0,6.0,2.19
1352,Paraguay,PRY,AME,2019,28.0,137.0,6.0,2.84
1353,Paraguay,PRY,AME,2018,29.0,132.0,6.0,3.05
1354,Paraguay,PRY,AME,2017,29.0,135.0,6.0,3.1
1355,Paraguay,PRY,AME,2016,30.0,123.0,6.0,2.68
1356,Paraguay,PRY,AME,2015,27.0,130.0,5.0,2.85
1357,Paraguay,PRY,AME,2014,24.0,150.0,5.0,2.95
1358,Paraguay,PRY,AME,2013,24.0,150.0,5.0,3.1
1359,Paraguay,PRY,AME,2012,25.0,150.0,5.0,2.9
1360,Qatar,QAT,MENA,2021,63.0,31.0,7.0,5.01
1361,Qatar,QAT,MENA,2020,63.0,30.0,7.0,5.35
1362,Qatar,QAT,MENA,2019,62.0,30.0,7.0,8
1363,Qatar,QAT,MENA,2018,62.0,33.0,7.0,8.08
1364,Qatar,QAT,MENA,2017,63.0,29.0,7.0,7.5
1365,Qatar,QAT,MENA,2016,61.0,31.0,7.0,7.02
1366,Qatar,QAT,MENA,2015,71.0,22.0,6.0,6.63
1367,Qatar,QAT,MENA,2014,69.0,27.0,6.0,7.21
1368,Qatar,QAT,MENA,2013,68.0,28.0,6.0,7.2
1369,Qatar,QAT,MENA,2012,68.0,27.0,6.0,6.4
1370,Romania,ROU,WE/EU,2021,45.0,66.0,10.0,1
1371,Romania,ROU,WE/EU,2020,44.0,69.0,10.0,0.89
1372,Romania,ROU,WE/EU,2019,44.0,70.0,10.0,2.76
1373,Romania,ROU,WE/EU,2018,47.0,61.0,10.0,3.25
1374,Romania,ROU,WE/EU,2017,48.0,59.0,10.0,3.12
1375,Romania,ROU,WE/EU,2016,48.0,57.0,10.0,3
1376,Romania,ROU,WE/EU,2015,46.0,58.0,9.0,3.11
1377,Romania,ROU,WE/EU,2014,43.0,69.0,9.0,3.6
1378,Romania,ROU,WE/EU,2013,43.0,69.0,9.0,3
1379,Romania,ROU,WE/EU,2012,44.0,66.0,8.0,3.7
1380,Russia,RUS,ECA,2021,29.0,136.0,9.0,1.46
1381,Russia,RUS,ECA,2020,30.0,129.0,9.0,1.33
1382,Russia,RUS,ECA,2019,28.0,137.0,9.0,2.48
1383,Russia,RUS,ECA,2018,28.0,138.0,9.0,2.51
1384,Russia,RUS,ECA,2017,29.0,135.0,9.0,2.5
1385,Russia,RUS,ECA,2016,29.0,131.0,9.0,2.73
1386,Russia,RUS,ECA,2015,29.0,119.0,8.0,2.52
1387,Russia,RUS,ECA,2014,27.0,136.0,8.0,2.61
1388,Russia,RUS,ECA,2013,28.0,127.0,9.0,2.3
1389,Russia,RUS,ECA,2012,28.0,133.0,9.0,2.2
1390,Rwanda,RWA,SSA,2021,53.0,52.0,7.0,3.59
1391,Rwanda,RWA,SSA,2020,54.0,49.0,7.0,3.39
1392,Rwanda,RWA,SSA,2019,53.0,51.0,7.0,4.75
1393,Rwanda,RWA,SSA,2018,56.0,48.0,6.0,6.07
1394,Rwanda,RWA,SSA,2017,55.0,48.0,6.0,6
1395,Rwanda,RWA,SSA,2016,54.0,50.0,6.0,5.07
1396,Rwanda,RWA,SSA,2015,54.0,43.0,5.0,6.42
1397,Rwanda,RWA,SSA,2014,49.0,55.0,4.0,3.23
1398,Rwanda,RWA,SSA,2013,53.0,49.0,5.0,5.7
1399,Rwanda,RWA,SSA,2012,53.0,50.0,5.0,6.3
1400,Saudi Arabia,SAU,MENA,2021,53.0,52.0,7.0,4.24
1401,Saudi Arabia,SAU,MENA,2020,53.0,52.0,7.0,5.36
1402,Saudi Arabia,SAU,MENA,2019,53.0,51.0,7.0,7.56
1403,Saudi Arabia,SAU,MENA,2018,49.0,58.0,7.0,6.34
1404,Saudi Arabia,SAU,MENA,2017,49.0,57.0,7.0,6.14
1405,Saudi Arabia,SAU,MENA,2016,46.0,62.0,5.0,7.54
1406,Saudi Arabia,SAU,MENA,2015,52.0,48.0,5.0,7.03
1407,Saudi Arabia,SAU,MENA,2014,49.0,55.0,5.0,6.69
1408,Saudi Arabia,SAU,MENA,2013,46.0,63.0,5.0,6.7
1409,Saudi Arabia,SAU,MENA,2012,44.0,66.0,5.0,6.4
1410,Sudan,SDN,SSA,2021,20.0,164.0,8.0,2.43
1411,Sudan,SDN,SSA,2020,16.0,174.0,7.0,2.14
1412,Sudan,SDN,SSA,2019,16.0,173.0,7.0,2.74
1413,Sudan,SDN,SSA,2018,16.0,172.0,7.0,2.51
1414,Sudan,SDN,SSA,2017,16.0,175.0,7.0,2.31
1415,Sudan,SDN,SSA,2016,14.0,170.0,7.0,2.99
1416,Sudan,SDN,SSA,2015,12.0,165.0,6.0,3.64
1417,Sudan,SDN,SSA,2014,11.0,173.0,6.0,3.55
1418,Sudan,SDN,SSA,2013,11.0,174.0,6.0,3.5
1419,Sudan,SDN,SSA,2012,13.0,173.0,6.0,2.9
1420,Senegal,SEN,SSA,2021,43.0,73.0,9.0,1.35
1421,Senegal,SEN,SSA,2020,45.0,67.0,9.0,1.33
1422,Senegal,SEN,SSA,2019,45.0,66.0,9.0,2.06
1423,Senegal,SEN,SSA,2018,45.0,67.0,9.0,2.51
1424,Senegal,SEN,SSA,2017,45.0,66.0,9.0,2.52
1425,Senegal,SEN,SSA,2016,45.0,64.0,8.0,2.63
1426,Senegal,SEN,SSA,2015,44.0,61.0,8.0,2.61
1427,Senegal,SEN,SSA,2014,43.0,69.0,8.0,2.28
1428,Senegal,SEN,SSA,2013,41.0,77.0,9.0,1.5
1429,Senegal,SEN,SSA,2012,36.0,94.0,9.0,1.8
1430,Singapore,SGP,AP,2021,85.0,4.0,9.0,1.16
1431,Singapore,SGP,AP,2020,85.0,3.0,9.0,1.2
1432,Singapore,SGP,AP,2019,85.0,4.0,9.0,2.05
1433,Singapore,SGP,AP,2018,85.0,3.0,9.0,1.98
1434,Singapore,SGP,AP,2017,84.0,6.0,9.0,2.26
1435,Singapore,SGP,AP,2016,84.0,7.0,8.0,2.35
1436,Singapore,SGP,AP,2015,85.0,7.0,8.0,2.02
1437,Singapore,SGP,AP,2014,84.0,7.0,8.0,1.75
1438,Singapore,SGP,AP,2013,86.0,5.0,9.0,2.3
1439,Singapore,SGP,AP,2012,87.0,5.0,9.0,2.1
1440,Solomon Islands,SLB,AP,2021,43.0,73.0,3.0,7.31
1441,Solomon Islands,SLB,AP,2020,42.0,78.0,3.0,7.8
1442,Solomon Islands,SLB,AP,2019,42.0,77.0,3.0,8.69
1443,Solomon Islands,SLB,AP,2018,44.0,70.0,3.0,7.38
1444,Solomon Islands,SLB,AP,2017,39.0,85.0,3.0,3.71
1445,Solomon Islands,SLB,AP,2016,42.0,72.0,3.0,3.34
1446,Solomon Islands,SLB,AP,2015,,,,
1447,Solomon Islands,SLB,AP,2014,,,,
1448,Solomon Islands,SLB,AP,2013,,,,
1449,Solomon Islands,SLB,AP,2012,,,,
1450,Sierra Leone,SLE,SSA,2021,34.0,115.0,9.0,1.84
1451,Sierra Leone,SLE,SSA,2020,33.0,117.0,8.0,2.42
1452,Sierra Leone,SLE,SSA,2019,33.0,119.0,8.0,3.47
1453,Sierra Leone,SLE,SSA,2018,30.0,129.0,9.0,2.17
1454,Sierra Leone,SLE,SSA,2017,30.0,130.0,9.0,1.95
1455,Sierra Leone,SLE,SSA,2016,30.0,123.0,8.0,2.94
1456,Sierra Leone,SLE,SSA,2015,29.0,119.0,8.0,3.44
1457,Sierra Leone,SLE,SSA,2014,31.0,119.0,8.0,2.3
1458,Sierra Leone,SLE,SSA,2013,30.0,119.0,8.0,2.4
1459,Sierra Leone,SLE,SSA,2012,31.0,123.0,8.0,1.9
1460,El Salvador,SLV,AME,2021,34.0,115.0,7.0,1.59
1461,El Salvador,SLV,AME,2020,36.0,104.0,7.0,1.38
1462,El Salvador,SLV,AME,2019,34.0,113.0,7.0,2.56
1463,El Salvador,SLV,AME,2018,35.0,105.0,7.0,2.59
1464,El Salvador,SLV,AME,2017,33.0,112.0,7.0,3.25
1465,El Salvador,SLV,AME,2016,36.0,95.0,7.0,2.76
1466,El Salvador,SLV,AME,2015,39.0,72.0,6.0,2.26
1467,El Salvador,SLV,AME,2014,39.0,80.0,6.0,1.98
1468,El Salvador,SLV,AME,2013,38.0,83.0,6.0,2
1469,El Salvador,SLV,AME,2012,38.0,83.0,6.0,2.8
1470,Somalia,SOM,SSA,2021,13.0,178.0,6.0,1.89
1471,Somalia,SOM,SSA,2020,12.0,179.0,6.0,2.29
1472,Somalia,SOM,SSA,2019,9.0,180.0,5.0,1.74
1473,Somalia,SOM,SSA,2018,10.0,180.0,6.0,3.08
1474,Somalia,SOM,SSA,2017,9.0,180.0,5.0,2.26
1475,Somalia,SOM,SSA,2016,10.0,176.0,5.0,2.98
1476,Somalia,SOM,SSA,2015,8.0,167.0,4.0,2.32
1477,Somalia,SOM,SSA,2014,8.0,174.0,4.0,2.34
1478,Somalia,SOM,SSA,2013,8.0,175.0,4.0,1.9
1479,Somalia,SOM,SSA,2012,8.0,174.0,4.0,2.3
1480,Serbia,SRB,ECA,2021,38.0,96.0,8.0,1.42
1481,Serbia,SRB,ECA,2020,38.0,94.0,8.0,1.66
1482,Serbia,SRB,ECA,2019,39.0,91.0,8.0,2.48
1483,Serbia,SRB,ECA,2018,39.0,87.0,8.0,2.89
1484,Serbia,SRB,ECA,2017,41.0,77.0,8.0,2.8
1485,Serbia,SRB,ECA,2016,42.0,72.0,7.0,3.69
1486,Serbia,SRB,ECA,2015,40.0,71.0,7.0,3.9
1487,Serbia,SRB,ECA,2014,41.0,78.0,7.0,2.92
1488,Serbia,SRB,ECA,2013,42.0,72.0,7.0,3.4
1489,Serbia,SRB,ECA,2012,39.0,80.0,7.0,2.6
1490,South Sudan,SSD,SSA,2021,11.0,180.0,5.0,0.41
1491,South Sudan,SSD,SSA,2020,12.0,179.0,5.0,1.11
1492,South Sudan,SSD,SSA,2019,12.0,179.0,5.0,1.26
1493,South Sudan,SSD,SSA,2018,13.0,178.0,5.0,1.86
1494,South Sudan,SSD,SSA,2017,12.0,179.0,5.0,1.56
1495,South Sudan,SSD,SSA,2016,11.0,175.0,5.0,3.21
1496,South Sudan,SSD,SSA,2015,15.0,163.0,3.0,1.45
1497,South Sudan,SSD,SSA,2014,15.0,171.0,3.0,2.35
1498,South Sudan,SSD,SSA,2013,14.0,173.0,3.0,1.6
1499,South Sudan,SSD,SSA,2012,,,,
1500,Sao Tome and Principe,STP,SSA,2021,45.0,66.0,4.0,4.82
1501,Sao Tome and Principe,STP,SSA,2020,47.0,63.0,4.0,5.06
1502,Sao Tome and Principe,STP,SSA,2019,46.0,64.0,4.0,5.36
1503,Sao Tome and Principe,STP,SSA,2018,46.0,64.0,4.0,5.05
1504,Sao Tome and Principe,STP,SSA,2017,46.0,64.0,4.0,5.21
1505,Sao Tome and Principe,STP,SSA,2016,46.0,62.0,3.0,0.93
1506,Sao Tome and Principe,STP,SSA,2015,42.0,66.0,3.0,5
1507,Sao Tome and Principe,STP,SSA,2014,42.0,76.0,3.0,5.05
1508,Sao Tome and Principe,STP,SSA,2013,42.0,72.0,3.0,5
1509,Sao Tome and Principe,STP,SSA,2012,42.0,72.0,3.0,5
1510,Suriname,SUR,AME,2021,39.0,87.0,4.0,4.29
1511,Suriname,SUR,AME,2020,38.0,94.0,4.0,1.69
1512,Suriname,SUR,AME,2019,44.0,70.0,4.0,4.76
1513,Suriname,SUR,AME,2018,43.0,73.0,4.0,3.22
1514,Suriname,SUR,AME,2017,41.0,77.0,4.0,4.08
1515,Suriname,SUR,AME,2016,45.0,64.0,4.0,7.53
1516,Suriname,SUR,AME,2015,36.0,88.0,3.0,3.21
1517,Suriname,SUR,AME,2014,36.0,100.0,3.0,3.25
1518,Suriname,SUR,AME,2013,36.0,94.0,3.0,3.2
1519,Suriname,SUR,AME,2012,37.0,88.0,3.0,3.2
1520,Slovakia,SVK,WE/EU,2021,52.0,56.0,10.0,2.01
1521,Slovakia,SVK,WE/EU,2020,49.0,60.0,9.0,2.69
1522,Slovakia,SVK,WE/EU,2019,50.0,59.0,9.0,4.57
1523,Slovakia,SVK,WE/EU,2018,50.0,57.0,9.0,4.11
1524,Slovakia,SVK,WE/EU,2017,50.0,54.0,9.0,3.32
1525,Slovakia,SVK,WE/EU,2016,51.0,54.0,8.0,3.09
1526,Slovakia,SVK,WE/EU,2015,51.0,50.0,8.0,3.63
1527,Slovakia,SVK,WE/EU,2014,50.0,54.0,8.0,4.07
1528,Slovakia,SVK,WE/EU,2013,47.0,61.0,8.0,4.7
1529,Slovakia,SVK,WE/EU,2012,46.0,62.0,8.0,4.3
1530,Slovenia,SVN,WE/EU,2021,57.0,41.0,10.0,1.04
1531,Slovenia,SVN,WE/EU,2020,60.0,35.0,10.0,1.13
1532,Slovenia,SVN,WE/EU,2019,60.0,35.0,10.0,2.28
1533,Slovenia,SVN,WE/EU,2018,60.0,36.0,10.0,2.37
1534,Slovenia,SVN,WE/EU,2017,61.0,34.0,10.0,2.78
1535,Slovenia,SVN,WE/EU,2016,61.0,31.0,10.0,2.44
1536,Slovenia,SVN,WE/EU,2015,60.0,34.0,9.0,2.93
1537,Slovenia,SVN,WE/EU,2014,58.0,40.0,9.0,3.03
1538,Slovenia,SVN,WE/EU,2013,57.0,43.0,9.0,3.6
1539,Slovenia,SVN,WE/EU,2012,61.0,37.0,8.0,3.9
1540,Sweden,SWE,WE/EU,2021,85.0,4.0,8.0,1.24
1541,Sweden,SWE,WE/EU,2020,85.0,3.0,8.0,1.3
1542,Sweden,SWE,WE/EU,2019,85.0,4.0,8.0,1.98
1543,Sweden,SWE,WE/EU,2018,85.0,3.0,8.0,2.02
1544,Sweden,SWE,WE/EU,2017,84.0,6.0,8.0,2.27
1545,Sweden,SWE,WE/EU,2016,88.0,4.0,7.0,1.33
1546,Sweden,SWE,WE/EU,2015,89.0,4.0,7.0,1.71
1547,Sweden,SWE,WE/EU,2014,87.0,4.0,7.0,3.41
1548,Sweden,SWE,WE/EU,2013,89.0,3.0,7.0,2.3
1549,Sweden,SWE,WE/EU,2012,88.0,4.0,7.0,1.9
1550,Eswatini,SWZ,SSA,2021,32.0,122.0,3.0,7.12
1551,Eswatini,SWZ,SSA,2020,33.0,117.0,4.0,4.93
1552,Eswatini,SWZ,SSA,2019,34.0,113.0,4.0,6.08
1553,Eswatini,SWZ,SSA,2018,38.0,89.0,3.0,4.48
1554,Eswatini,SWZ,SSA,2017,39.0,85.0,3.0,5.81
1555,Eswatini,SWZ,SSA,2016,,,,
1556,Eswatini,SWZ,SSA,2015,,,,
1557,Eswatini,SWZ,SSA,2014,43.0,69.0,3.0,2.98
1558,Eswatini,SWZ,SSA,2013,39.0,82.0,4.0,1.8
1559,Eswatini,SWZ,SSA,2012,37.0,88.0,4.0,2.1
1560,Seychelles,SYC,SSA,2021,70.0,23.0,3.0,1.34
1561,Seychelles,SYC,SSA,2020,66.0,27.0,4.0,2.97
1562,Seychelles,SYC,SSA,2019,66.0,27.0,4.0,3.4
1563,Seychelles,SYC,SSA,2018,66.0,28.0,4.0,3.08
1564,Seychelles,SYC,SSA,2017,60.0,36.0,4.0,8.32
1565,Seychelles,SYC,SSA,2016,,,,
1566,Seychelles,SYC,SSA,2015,55.0,40.0,3.0,8.5
1567,Seychelles,SYC,SSA,2014,55.0,44.0,3.0,8.62
1568,Seychelles,SYC,SSA,2013,54.0,47.0,4.0,8.2
1569,Seychelles,SYC,SSA,2012,52.0,51.0,4.0,8
1570,Syria,SYR,MENA,2021,13.0,178.0,5.0,1.58
1571,Syria,SYR,MENA,2020,14.0,178.0,5.0,1.58
1572,Syria,SYR,MENA,2019,13.0,178.0,5.0,1.92
1573,Syria,SYR,MENA,2018,13.0,178.0,5.0,1.92
1574,Syria,SYR,MENA,2017,14.0,178.0,5.0,1.93
1575,Syria,SYR,MENA,2016,13.0,173.0,5.0,1.97
1576,Syria,SYR,MENA,2015,18.0,154.0,4.0,5.66
1577,Syria,SYR,MENA,2014,20.0,159.0,4.0,5.31
1578,Syria,SYR,MENA,2013,17.0,168.0,4.0,3.8
1579,Syria,SYR,MENA,2012,26.0,144.0,5.0,2.7
1580,Chad,TCD,SSA,2021,20.0,164.0,6.0,1.89
1581,Chad,TCD,SSA,2020,21.0,160.0,6.0,1.71
1582,Chad,TCD,SSA,2019,20.0,162.0,6.0,2.45
1583,Chad,TCD,SSA,2018,19.0,165.0,6.0,2.94
1584,Chad,TCD,SSA,2017,20.0,165.0,6.0,2.73
1585,Chad,TCD,SSA,2016,20.0,159.0,5.0,2.67
1586,Chad,TCD,SSA,2015,22.0,147.0,5.0,2.35
1587,Chad,TCD,SSA,2014,22.0,154.0,5.0,2.95
1588,Chad,TCD,SSA,2013,19.0,163.0,5.0,3.8
1589,Chad,TCD,SSA,2012,19.0,165.0,5.0,2.5
1590,Togo,TGO,SSA,2021,30.0,128.0,7.0,1.6
1591,Togo,TGO,SSA,2020,29.0,134.0,7.0,1.75
1592,Togo,TGO,SSA,2019,29.0,130.0,7.0,2.4
1593,Togo,TGO,SSA,2018,30.0,129.0,6.0,2.35
1594,Togo,TGO,SSA,2017,32.0,117.0,6.0,3.29
1595,Togo,TGO,SSA,2016,32.0,116.0,5.0,4.21
1596,Togo,TGO,SSA,2015,32.0,106.0,5.0,3.04
1597,Togo,TGO,SSA,2014,29.0,126.0,5.0,3.69
1598,Togo,TGO,SSA,2013,29.0,123.0,5.0,3.7
1599,Togo,TGO,SSA,2012,30.0,128.0,5.0,3.4
1600,Thailand,THA,AP,2021,35.0,110.0,9.0,0.84
1601,Thailand,THA,AP,2020,36.0,104.0,9.0,1.31
1602,Thailand,THA,AP,2019,36.0,101.0,9.0,2.45
1603,Thailand,THA,AP,2018,36.0,99.0,9.0,2.08
1604,Thailand,THA,AP,2017,37.0,96.0,9.0,2.03
1605,Thailand,THA,AP,2016,35.0,101.0,9.0,2.44
1606,Thailand,THA,AP,2015,38.0,76.0,8.0,2.12
1607,Thailand,THA,AP,2014,38.0,85.0,8.0,1.6
1608,Thailand,THA,AP,2013,35.0,102.0,8.0,1.2
1609,Thailand,THA,AP,2012,37.0,88.0,8.0,1.6
1610,Tajikistan,TJK,ECA,2021,25.0,150.0,6.0,3.97
1611,Tajikistan,TJK,ECA,2020,25.0,149.0,6.0,5.09
1612,Tajikistan,TJK,ECA,2019,25.0,153.0,6.0,6.66
1613,Tajikistan,TJK,ECA,2018,25.0,152.0,6.0,5.73
1614,Tajikistan,TJK,ECA,2017,21.0,161.0,5.0,2.36
1615,Tajikistan,TJK,ECA,2016,25.0,151.0,6.0,5.26
1616,Tajikistan,TJK,ECA,2015,26.0,136.0,5.0,7.36
1617,Tajikistan,TJK,ECA,2014,23.0,152.0,5.0,5.32
1618,Tajikistan,TJK,ECA,2013,22.0,154.0,5.0,3.8
1619,Tajikistan,TJK,ECA,2012,22.0,157.0,5.0,3.8
1620,Turkmenistan,TKM,ECA,2021,19.0,169.0,5.0,1.07
1621,Turkmenistan,TKM,ECA,2020,19.0,165.0,5.0,0.91
1622,Turkmenistan,TKM,ECA,2019,19.0,165.0,5.0,1.42
1623,Turkmenistan,TKM,ECA,2018,20.0,161.0,5.0,1.22
1624,Turkmenistan,TKM,ECA,2017,19.0,167.0,5.0,1.78
1625,Turkmenistan,TKM,ECA,2016,22.0,154.0,4.0,1.32
1626,Turkmenistan,TKM,ECA,2015,18.0,154.0,4.0,2.38
1627,Turkmenistan,TKM,ECA,2014,17.0,169.0,3.0,2.85
1628,Turkmenistan,TKM,ECA,2013,17.0,168.0,3.0,2.9
1629,Turkmenistan,TKM,ECA,2012,17.0,170.0,3.0,2.9
1630,Timor-Leste,TLS,AP,2021,41.0,82.0,4.0,3.68
1631,Timor-Leste,TLS,AP,2020,40.0,86.0,4.0,2.71
1632,Timor-Leste,TLS,AP,2019,38.0,93.0,4.0,4.5
1633,Timor-Leste,TLS,AP,2018,35.0,105.0,3.0,4.81
1634,Timor-Leste,TLS,AP,2017,38.0,91.0,3.0,7.5
1635,Timor-Leste,TLS,AP,2016,35.0,101.0,3.0,5.97
1636,Timor-Leste,TLS,AP,2015,28.0,123.0,3.0,5.17
1637,Timor-Leste,TLS,AP,2014,28.0,133.0,3.0,5.18
1638,Timor-Leste,TLS,AP,2013,30.0,119.0,3.0,3.2
1639,Timor-Leste,TLS,AP,2012,33.0,113.0,3.0,5.6
1640,Trinidad and Tobago,TTO,AME,2021,41.0,82.0,7.0,3.66
1641,Trinidad and Tobago,TTO,AME,2020,40.0,86.0,7.0,3.73
1642,Trinidad and Tobago,TTO,AME,2019,40.0,85.0,7.0,5.38
1643,Trinidad and Tobago,TTO,AME,2018,41.0,78.0,6.0,5.8
1644,Trinidad and Tobago,TTO,AME,2017,41.0,77.0,6.0,5.47
1645,Trinidad and Tobago,TTO,AME,2016,35.0,101.0,5.0,2.48
1646,Trinidad and Tobago,TTO,AME,2015,39.0,72.0,4.0,4.64
1647,Trinidad and Tobago,TTO,AME,2014,38.0,85.0,4.0,4.82
1648,Trinidad and Tobago,TTO,AME,2013,38.0,83.0,4.0,5.1
1649,Trinidad and Tobago,TTO,AME,2012,39.0,80.0,4.0,4.5
1650,Tunisia,TUN,MENA,2021,44.0,70.0,7.0,1.9
1651,Tunisia,TUN,MENA,2020,44.0,69.0,7.0,2.83
1652,Tunisia,TUN,MENA,2019,43.0,74.0,7.0,3.94
1653,Tunisia,TUN,MENA,2018,43.0,73.0,7.0,3.86
1654,Tunisia,TUN,MENA,2017,42.0,74.0,7.0,3.73
1655,Tunisia,TUN,MENA,2016,41.0,75.0,7.0,3.9
1656,Tunisia,TUN,MENA,2015,38.0,76.0,6.0,2.17
1657,Tunisia,TUN,MENA,2014,40.0,79.0,6.0,1.72
1658,Tunisia,TUN,MENA,2013,41.0,77.0,7.0,1.9
1659,Tunisia,TUN,MENA,2012,41.0,75.0,7.0,2.8
1660,Turkey,TUR,ECA,2021,38.0,96.0,9.0,2.1
1661,Turkey,TUR,ECA,2020,40.0,86.0,9.0,2.06
1662,Turkey,TUR,ECA,2019,39.0,91.0,9.0,3.34
1663,Turkey,TUR,ECA,2018,41.0,78.0,9.0,3.03
1664,Turkey,TUR,ECA,2017,40.0,81.0,8.0,1.8
1665,Turkey,TUR,ECA,2016,41.0,75.0,9.0,1.8
1666,Turkey,TUR,ECA,2015,42.0,66.0,8.0,2.02
1667,Turkey,TUR,ECA,2014,45.0,64.0,8.0,2.69
1668,Turkey,TUR,ECA,2013,50.0,53.0,9.0,2.4
1669,Turkey,TUR,ECA,2012,49.0,54.0,9.0,2.1
1670,Taiwan,TWN,AP,2021,68.0,25.0,8.0,1.85
1671,Taiwan,TWN,AP,2020,65.0,28.0,8.0,2.06
1672,Taiwan,TWN,AP,2019,65.0,28.0,8.0,3.03
1673,Taiwan,TWN,AP,2018,63.0,31.0,8.0,3.06
1674,Taiwan,TWN,AP,2017,63.0,29.0,8.0,3.28
1675,Taiwan,TWN,AP,2016,61.0,31.0,8.0,3.79
1676,Taiwan,TWN,AP,2015,62.0,31.0,7.0,3.78
1677,Taiwan,TWN,AP,2014,61.0,36.0,7.0,4.17
1678,Taiwan,TWN,AP,2013,61.0,36.0,7.0,4.3
1679,Taiwan,TWN,AP,2012,61.0,37.0,7.0,3.9
1680,Tanzania,TZA,SSA,2021,39.0,87.0,9.0,1.39
1681,Tanzania,TZA,SSA,2020,38.0,94.0,9.0,0.8
1682,Tanzania,TZA,SSA,2019,37.0,96.0,9.0,1.92
1683,Tanzania,TZA,SSA,2018,36.0,99.0,9.0,1.83
1684,Tanzania,TZA,SSA,2017,36.0,103.0,9.0,1.55
1685,Tanzania,TZA,SSA,2016,32.0,116.0,9.0,1.84
1686,Tanzania,TZA,SSA,2015,30.0,117.0,8.0,3.49
1687,Tanzania,TZA,SSA,2014,31.0,119.0,8.0,3.2
1688,Tanzania,TZA,SSA,2013,33.0,111.0,8.0,2.7
1689,Tanzania,TZA,SSA,2012,35.0,102.0,8.0,2.1
1690,Uganda,UGA,SSA,2021,27.0,144.0,9.0,1.22
1691,Uganda,UGA,SSA,2020,27.0,142.0,9.0,1.15
1692,Uganda,UGA,SSA,2019,28.0,137.0,9.0,2.04
1693,Uganda,UGA,SSA,2018,26.0,149.0,9.0,2.13
1694,Uganda,UGA,SSA,2017,26.0,151.0,9.0,2.11
1695,Uganda,UGA,SSA,2016,25.0,151.0,9.0,2.24
1696,Uganda,UGA,SSA,2015,25.0,139.0,8.0,3.19
1697,Uganda,UGA,SSA,2014,26.0,142.0,8.0,3.03
1698,Uganda,UGA,SSA,2013,26.0,140.0,8.0,3.3
1699,Uganda,UGA,SSA,2012,29.0,130.0,8.0,2.2
1700,Ukraine,UKR,ECA,2021,32.0,122.0,9.0,1.29
1701,Ukraine,UKR,ECA,2020,33.0,117.0,9.0,1.31
1702,Ukraine,UKR,ECA,2019,30.0,126.0,9.0,2.38
1703,Ukraine,UKR,ECA,2018,32.0,120.0,9.0,2.27
1704,Ukraine,UKR,ECA,2017,30.0,130.0,9.0,2.27
1705,Ukraine,UKR,ECA,2016,29.0,131.0,9.0,1.97
1706,Ukraine,UKR,ECA,2015,27.0,130.0,8.0,1.93
1707,Ukraine,UKR,ECA,2014,26.0,142.0,8.0,1.64
1708,Ukraine,UKR,ECA,2013,25.0,144.0,8.0,1.7
1709,Ukraine,UKR,ECA,2012,26.0,144.0,8.0,1.8
1710,Uruguay,URY,AME,2021,73.0,18.0,7.0,0.68
1711,Uruguay,URY,AME,2020,71.0,21.0,7.0,1.72
1712,Uruguay,URY,AME,2019,71.0,21.0,7.0,2.47
1713,Uruguay,URY,AME,2018,70.0,23.0,7.0,2.73
1714,Uruguay,URY,AME,2017,70.0,23.0,7.0,2.67
1715,Uruguay,URY,AME,2016,71.0,21.0,6.0,2.68
1716,Uruguay,URY,AME,2015,74.0,21.0,6.0,1.68
1717,Uruguay,URY,AME,2014,73.0,21.0,6.0,1.41
1718,Uruguay,URY,AME,2013,73.0,19.0,6.0,1.4
1719,Uruguay,URY,AME,2012,72.0,20.0,6.0,1.5
1720,United States of America,USA,AME,2021,67.0,27.0,9.0,2.21
1721,United States of America,USA,AME,2020,67.0,25.0,9.0,2.49
1722,United States of America,USA,AME,2019,69.0,23.0,9.0,4.12
1723,United States of America,USA,AME,2018,71.0,22.0,9.0,3.25
1724,United States of America,USA,AME,2017,75.0,16.0,9.0,3.24
1725,United States of America,USA,AME,2016,74.0,18.0,9.0,3.15
1726,United States of America,USA,AME,2015,76.0,16.0,8.0,3.47
1727,United States of America,USA,AME,2014,74.0,17.0,8.0,3.74
1728,United States of America,USA,AME,2013,73.0,19.0,9.0,4
1729,United States of America,USA,AME,2012,73.0,19.0,9.0,4.1
1730,Uzbekistan,UZB,ECA,2021,28.0,140.0,7.0,1.51
1731,Uzbekistan,UZB,ECA,2020,26.0,146.0,7.0,1.52
1732,Uzbekistan,UZB,ECA,2019,25.0,153.0,7.0,2.01
1733,Uzbekistan,UZB,ECA,2018,23.0,158.0,7.0,1.93
1734,Uzbekistan,UZB,ECA,2017,22.0,157.0,7.0,2.11
1735,Uzbekistan,UZB,ECA,2016,21.0,156.0,7.0,2.35
1736,Uzbekistan,UZB,ECA,2015,19.0,153.0,6.0,2.71
1737,Uzbekistan,UZB,ECA,2014,18.0,166.0,6.0,2.54
1738,Uzbekistan,UZB,ECA,2013,17.0,168.0,6.0,2
1739,Uzbekistan,UZB,ECA,2012,17.0,170.0,6.0,2
1740,Saint Vincent and the Grenadines,VCT,AME,2021,59.0,36.0,3.0,3.55
1741,Saint Vincent and the Grenadines,VCT,AME,2020,59.0,40.0,3.0,4.02
1742,Saint Vincent and the Grenadines,VCT,AME,2019,59.0,39.0,3.0,4.14
1743,Saint Vincent and the Grenadines,VCT,AME,2018,58.0,41.0,3.0,3.39
1744,Saint Vincent and the Grenadines,VCT,AME,2017,58.0,40.0,3.0,3.39
1745,Saint Vincent and the Grenadines,VCT,AME,2016,60.0,35.0,3.0,1.66
1746,Saint Vincent and the Grenadines,VCT,AME,2015,,,,
1747,Saint Vincent and the Grenadines,VCT,AME,2014,62.0,35.0,3.0,5.59
1748,Saint Vincent and the Grenadines,VCT,AME,2013,62.0,33.0,3.0,5.6
1749,Saint Vincent and the Grenadines,VCT,AME,2012,62.0,36.0,3.0,5.6
1750,Venezuela,VEN,AME,2021,14.0,177.0,8.0,0.99
1751,Venezuela,VEN,AME,2020,15.0,176.0,8.0,0.91
1752,Venezuela,VEN,AME,2019,16.0,173.0,8.0,2.05
1753,Venezuela,VEN,AME,2018,18.0,168.0,8.0,2.13
1754,Venezuela,VEN,AME,2017,18.0,169.0,8.0,1.6
1755,Venezuela,VEN,AME,2016,17.0,166.0,7.0,1.41
1756,Venezuela,VEN,AME,2015,17.0,158.0,7.0,2.64
1757,Venezuela,VEN,AME,2014,19.0,161.0,7.0,1.69
1758,Venezuela,VEN,AME,2013,20.0,160.0,7.0,2.3
1759,Venezuela,VEN,AME,2012,19.0,165.0,7.0,2.1
1760,Viet Nam,VNM,AP,2021,39.0,87.0,8.0,0.82
1761,Vietnam,VNM,AP,2020,36.0,104.0,8.0,1.81
1762,Vietnam,VNM,AP,2019,37.0,96.0,8.0,2.84
1763,Vietnam,VNM,AP,2018,33.0,117.0,8.0,2.84
1764,Vietnam,VNM,AP,2017,35.0,107.0,8.0,2.78
1765,Vietnam,VNM,AP,2016,33.0,113.0,8.0,2.46
1766,Vietnam,VNM,AP,2015,31.0,111.0,8.0,2.56
1767,Vietnam,VNM,AP,2014,31.0,119.0,8.0,2.55
1768,Vietnam,VNM,AP,2013,31.0,116.0,8.0,2.6
1769,Vietnam,VNM,AP,2012,31.0,123.0,8.0,2.5
1770,Vanuatu,VUT,AP,2021,45.0,66.0,3.0,4.58
1771,Vanuatu,VUT,AP,2020,43.0,75.0,3.0,3.59
1772,Vanuatu,VUT,AP,2019,46.0,64.0,3.0,6.38
1773,Vanuatu,VUT,AP,2018,46.0,64.0,3.0,5.97
1774,Vanuatu,VUT,AP,2017,43.0,71.0,3.0,3.93
1775,Vanuatu,VUT,AP,2016,,,,
1776,Vanuatu,VUT,AP,2015,,,,
1777,Vanuatu,VUT,AP,2014,,,,
1778,Vanuatu,VUT,AP,2013,,,,
1779,Vanuatu,VUT,AP,2012,,,,
1780,Yemen,YEM,MENA,2021,16.0,174.0,7.0,2.29
1781,Yemen,YEM,MENA,2020,15.0,176.0,7.0,1.33
1782,Yemen,YEM,MENA,2019,15.0,177.0,7.0,1.89
1783,Yemen,YEM,MENA,2018,14.0,176.0,7.0,1.45
1784,Yemen,YEM,MENA,2017,16.0,175.0,7.0,1.85
1785,Yemen,YEM,MENA,2016,14.0,170.0,7.0,3.05
1786,Yemen,YEM,MENA,2015,18.0,154.0,6.0,2.66
1787,Yemen,YEM,MENA,2014,19.0,161.0,6.0,2.37
1788,Yemen,YEM,MENA,2013,18.0,167.0,6.0,2.6
1789,Yemen,YEM,MENA,2012,23.0,156.0,6.0,2.2
1790,South Africa,ZAF,SSA,2021,44.0,70.0,8.0,2.35
1791,South Africa,ZAF,SSA,2020,44.0,69.0,8.0,2.17
1792,South Africa,ZAF,SSA,2019,44.0,70.0,8.0,3.44
1793,South Africa,ZAF,SSA,2018,43.0,73.0,8.0,3.8
1794,South Africa,ZAF,SSA,2017,43.0,71.0,8.0,3.98
1795,South Africa,ZAF,SSA,2016,45.0,64.0,7.0,2.55
1796,South Africa,ZAF,SSA,2015,44.0,61.0,7.0,2.61
1797,South Africa,ZAF,SSA,2014,44.0,67.0,7.0,2.41
1798,South Africa,ZAF,SSA,2013,42.0,72.0,9.0,2.8
1799,South Africa,ZAF,SSA,2012,43.0,69.0,9.0,2.5
1800,Zambia,ZMB,SSA,2021,33.0,117.0,9.0,1.63
1801,Zambia,ZMB,SSA,2020,33.0,117.0,9.0,0.96
1802,Zambia,ZMB,SSA,2019,34.0,113.0,9.0,1.97
1803,Zambia,ZMB,SSA,2018,35.0,105.0,9.0,1.93
1804,Zambia,ZMB,SSA,2017,37.0,96.0,9.0,2.46
1805,Zambia,ZMB,SSA,2016,38.0,87.0,9.0,2.91
1806,Zambia,ZMB,SSA,2015,38.0,76.0,8.0,2.55
1807,Zambia,ZMB,SSA,2014,38.0,85.0,8.0,2.27
1808,Zambia,ZMB,SSA,2013,38.0,83.0,8.0,2.1
1809,Zambia,ZMB,SSA,2012,37.0,88.0,8.0,3.1
1810,Zimbabwe,ZWE,SSA,2021,23.0,157.0,8.0,1.52
1811,Zimbabwe,ZWE,SSA,2020,24.0,157.0,9.0,1.35
1812,Zimbabwe,ZWE,SSA,2019,24.0,158.0,9.0,2.31
1813,Zimbabwe,ZWE,SSA,2018,22.0,160.0,9.0,2.29
1814,Zimbabwe,ZWE,SSA,2017,22.0,157.0,9.0,2.22
1815,Zimbabwe,ZWE,SSA,2016,22.0,154.0,9.0,2.59
1816,Zimbabwe,ZWE,SSA,2015,21.0,150.0,8.0,4.54
1817,Zimbabwe,ZWE,SSA,2014,21.0,156.0,8.0,4.18
1818,Zimbabwe,ZWE,SSA,2013,21.0,157.0,8.0,4.3
1819,Zimbabwe,ZWE,SSA,2012,20.0,163.0,8.0,4.3
